idna_subject,checker_type,destination,source,tested_at,session_id
00005156.com,AVAILABILITY,origin.list,origin.list,2023-02-02 05:10:54.672732,a69c77b5309fd8c8697d1da1
00005359.com,AVAILABILITY,origin.list,origin.list,2023-02-02 05:10:56.169427,a69c77b5309fd8c8697d1da1
000000tyc.com,AVAILABILITY,origin.list,origin.list,2023-02-02 05:10:57.902847,a69c77b5309fd8c8697d1da1
00004tyc.com,AVAILABILITY,origin.list,origin.list,2023-02-02 05:10:57.909865,a69c77b5309fd8c8697d1da1
00003tyc.com,AVAILABILITY,origin.list,origin.list,2023-02-02 05:10:58.151793,a69c77b5309fd8c8697d1da1
00002tyc.com,AVAILABILITY,origin.list,origin.list,2023-02-02 05:10:58.189492,a69c77b5309fd8c8697d1da1
00007375.com,AVAILABILITY,origin.list,origin.list,2023-02-02 05:10:59.106258,a69c77b5309fd8c8697d1da1
00007376.com,AVAILABILITY,origin.list,origin.list,2023-02-02 05:10:59.483851,a69c77b5309fd8c8697d1da1
00005tyc.com,AVAILABILITY,origin.list,origin.list,2023-02-02 05:11:00.589313,a69c77b5309fd8c8697d1da1
0001004.com,AVAILABILITY,origin.list,origin.list,2023-02-02 05:11:02.302004,a69c77b5309fd8c8697d1da1
0000q.vip,AVAILABILITY,origin.list,origin.list,2023-02-02 05:11:02.554987,a69c77b5309fd8c8697d1da1
00007tyc.com,AVAILABILITY,origin.list,origin.list,2023-02-02 05:11:02.676524,a69c77b5309fd8c8697d1da1
00009tyc.com,AVAILABILITY,origin.list,origin.list,2023-02-02 05:11:02.828771,a69c77b5309fd8c8697d1da1
0003608.com,AVAILABILITY,origin.list,origin.list,2023-02-02 05:11:03.890345,a69c77b5309fd8c8697d1da1
0002244.com,AVAILABILITY,origin.list,origin.list,2023-02-02 05:11:04.175184,a69c77b5309fd8c8697d1da1
0004116.com,AVAILABILITY,origin.list,origin.list,2023-02-02 05:11:04.845139,a69c77b5309fd8c8697d1da1
000706.com,AVAILABILITY,origin.list,origin.list,2023-02-02 05:11:05.514694,a69c77b5309fd8c8697d1da1
0000bst.com,AVAILABILITY,origin.list,origin.list,2023-02-02 05:11:06.294285,a69c77b5309fd8c8697d1da1
0004384.com,AVAILABILITY,origin.list,origin.list,2023-02-02 05:11:07.328718,a69c77b5309fd8c8697d1da1
0003cp.vip,AVAILABILITY,origin.list,origin.list,2023-02-02 05:11:07.789750,a69c77b5309fd8c8697d1da1
0009tyc.com,AVAILABILITY,origin.list,origin.list,2023-02-02 05:11:08.807916,a69c77b5309fd8c8697d1da1
0008n.com,AVAILABILITY,origin.list,origin.list,2023-02-02 05:11:09.096875,a69c77b5309fd8c8697d1da1
000aamm.com,AVAILABILITY,origin.list,origin.list,2023-02-02 05:11:09.816736,a69c77b5309fd8c8697d1da1
0007865.com,AVAILABILITY,origin.list,origin.list,2023-02-02 05:11:10.234542,a69c77b5309fd8c8697d1da1
000hgvip.com,AVAILABILITY,origin.list,origin.list,2023-02-02 05:11:11.415305,a69c77b5309fd8c8697d1da1
000hjd.com,AVAILABILITY,origin.list,origin.list,2023-02-02 05:11:11.875536,a69c77b5309fd8c8697d1da1
000yh5.com,AVAILABILITY,origin.list,origin.list,2023-02-02 05:11:12.485615,a69c77b5309fd8c8697d1da1
000m88.com,AVAILABILITY,origin.list,origin.list,2023-02-02 05:11:12.507595,a69c77b5309fd8c8697d1da1
000byb.com,AVAILABILITY,origin.list,origin.list,2023-02-02 05:11:12.809265,a69c77b5309fd8c8697d1da1
001358.com,AVAILABILITY,origin.list,origin.list,2023-02-02 05:11:14.143942,a69c77b5309fd8c8697d1da1
001359.com,AVAILABILITY,origin.list,origin.list,2023-02-02 05:11:14.339861,a69c77b5309fd8c8697d1da1
0010n.com,AVAILABILITY,origin.list,origin.list,2023-02-02 05:11:14.490433,a69c77b5309fd8c8697d1da1
0011368.com,AVAILABILITY,origin.list,origin.list,2023-02-02 05:11:14.693885,a69c77b5309fd8c8697d1da1
001371.com,AVAILABILITY,origin.list,origin.list,2023-02-02 05:11:15.497106,a69c77b5309fd8c8697d1da1
001372.com,AVAILABILITY,origin.list,origin.list,2023-02-02 05:11:15.782999,a69c77b5309fd8c8697d1da1
001533.com,AVAILABILITY,origin.list,origin.list,2023-02-02 05:11:16.018830,a69c77b5309fd8c8697d1da1
001699.com,AVAILABILITY,origin.list,origin.list,2023-02-02 05:11:16.830503,a69c77b5309fd8c8697d1da1
001917.com,AVAILABILITY,origin.list,origin.list,2023-02-02 05:11:17.077083,a69c77b5309fd8c8697d1da1
00115316.com,AVAILABILITY,origin.list,origin.list,2023-02-02 05:11:17.320219,a69c77b5309fd8c8697d1da1
001992.com,AVAILABILITY,origin.list,origin.list,2023-02-02 05:11:17.525903,a69c77b5309fd8c8697d1da1
0015n.com,AVAILABILITY,origin.list,origin.list,2023-02-02 05:11:17.680577,a69c77b5309fd8c8697d1da1
001993.com,AVAILABILITY,origin.list,origin.list,2023-02-02 05:11:18.323271,a69c77b5309fd8c8697d1da1
00225316.com,AVAILABILITY,origin.list,origin.list,2023-02-02 05:11:18.506402,a69c77b5309fd8c8697d1da1
001998.com,AVAILABILITY,origin.list,origin.list,2023-02-02 05:11:18.943260,a69c77b5309fd8c8697d1da1
00229.org,AVAILABILITY,origin.list,origin.list,2023-02-02 05:11:20.715278,a69c77b5309fd8c8697d1da1
0022696.com,AVAILABILITY,origin.list,origin.list,2023-02-02 05:11:20.908634,a69c77b5309fd8c8697d1da1
0023cp.vip,AVAILABILITY,origin.list,origin.list,2023-02-02 05:11:21.361535,a69c77b5309fd8c8697d1da1
0024n.com,AVAILABILITY,origin.list,origin.list,2023-02-02 05:11:21.437394,a69c77b5309fd8c8697d1da1
0025156.com,AVAILABILITY,origin.list,origin.list,2023-02-02 05:11:22.070168,a69c77b5309fd8c8697d1da1
0026n.com,AVAILABILITY,origin.list,origin.list,2023-02-02 05:11:23.900539,a69c77b5309fd8c8697d1da1
0024t.com,AVAILABILITY,origin.list,origin.list,2023-02-02 05:11:24.792001,a69c77b5309fd8c8697d1da1
0026x.com,AVAILABILITY,origin.list,origin.list,2023-02-02 05:11:25.276549,a69c77b5309fd8c8697d1da1
003066.com,AVAILABILITY,origin.list,origin.list,2023-02-02 05:11:25.752476,a69c77b5309fd8c8697d1da1
0027n.com,AVAILABILITY,origin.list,origin.list,2023-02-02 05:11:25.885025,a69c77b5309fd8c8697d1da1
0028n.com,AVAILABILITY,origin.list,origin.list,2023-02-02 05:11:26.437138,a69c77b5309fd8c8697d1da1
0030989.com,AVAILABILITY,origin.list,origin.list,2023-02-02 05:11:27.428581,a69c77b5309fd8c8697d1da1
00310.net,AVAILABILITY,origin.list,origin.list,2023-02-02 05:11:28.426754,a69c77b5309fd8c8697d1da1
0031x.com,AVAILABILITY,origin.list,origin.list,2023-02-02 05:11:28.972109,a69c77b5309fd8c8697d1da1
0030n.com,AVAILABILITY,origin.list,origin.list,2023-02-02 05:11:29.628156,a69c77b5309fd8c8697d1da1
003457.com,AVAILABILITY,origin.list,origin.list,2023-02-02 05:11:29.909012,a69c77b5309fd8c8697d1da1
0032n.com,AVAILABILITY,origin.list,origin.list,2023-02-02 05:11:30.617071,a69c77b5309fd8c8697d1da1
0033696.com,AVAILABILITY,origin.list,origin.list,2023-02-02 05:11:31.097976,a69c77b5309fd8c8697d1da1
003665.com,AVAILABILITY,origin.list,origin.list,2023-02-02 05:11:31.845145,a69c77b5309fd8c8697d1da1
003776.com,AVAILABILITY,origin.list,origin.list,2023-02-02 05:11:32.365909,a69c77b5309fd8c8697d1da1
0035n.com,AVAILABILITY,origin.list,origin.list,2023-02-02 05:11:33.105497,a69c77b5309fd8c8697d1da1
003885.com,AVAILABILITY,origin.list,origin.list,2023-02-02 05:11:33.691631,a69c77b5309fd8c8697d1da1
003990.com,AVAILABILITY,origin.list,origin.list,2023-02-02 05:11:34.383533,a69c77b5309fd8c8697d1da1
0036n.com,AVAILABILITY,origin.list,origin.list,2023-02-02 05:11:34.968783,a69c77b5309fd8c8697d1da1
003991.com,AVAILABILITY,origin.list,origin.list,2023-02-02 05:11:35.587308,a69c77b5309fd8c8697d1da1
003992.com,AVAILABILITY,origin.list,origin.list,2023-02-02 05:11:35.700536,a69c77b5309fd8c8697d1da1
003997.com,AVAILABILITY,origin.list,origin.list,2023-02-02 05:11:36.525942,a69c77b5309fd8c8697d1da1
0038n.com,AVAILABILITY,origin.list,origin.list,2023-02-02 05:11:36.877401,a69c77b5309fd8c8697d1da1
0036523.com,AVAILABILITY,origin.list,origin.list,2023-02-02 05:11:37.081764,a69c77b5309fd8c8697d1da1
0041a.com,AVAILABILITY,origin.list,origin.list,2023-02-02 05:11:38.011984,a69c77b5309fd8c8697d1da1
00402.net,AVAILABILITY,origin.list,origin.list,2023-02-02 05:11:38.418117,a69c77b5309fd8c8697d1da1
0039x.com,AVAILABILITY,origin.list,origin.list,2023-02-02 05:11:38.815302,a69c77b5309fd8c8697d1da1
0041x.com,AVAILABILITY,origin.list,origin.list,2023-02-02 05:11:40.400868,a69c77b5309fd8c8697d1da1
0043n.com,AVAILABILITY,origin.list,origin.list,2023-02-02 05:11:41.423528,a69c77b5309fd8c8697d1da1
0041n.com,AVAILABILITY,origin.list,origin.list,2023-02-02 05:11:41.894614,a69c77b5309fd8c8697d1da1
0044384.com,AVAILABILITY,origin.list,origin.list,2023-02-02 05:11:42.061198,a69c77b5309fd8c8697d1da1
0042t.com,AVAILABILITY,origin.list,origin.list,2023-02-02 05:11:42.723649,a69c77b5309fd8c8697d1da1
0044789.com,AVAILABILITY,origin.list,origin.list,2023-02-02 05:11:43.847831,a69c77b5309fd8c8697d1da1
0044696.com,AVAILABILITY,origin.list,origin.list,2023-02-02 05:11:44.853457,a69c77b5309fd8c8697d1da1
004440.com,AVAILABILITY,origin.list,origin.list,2023-02-02 05:11:45.086183,a69c77b5309fd8c8697d1da1
0044n.com,AVAILABILITY,origin.list,origin.list,2023-02-02 05:11:45.758174,a69c77b5309fd8c8697d1da1
0044x.com,AVAILABILITY,origin.list,origin.list,2023-02-02 05:11:47.233769,a69c77b5309fd8c8697d1da1
0044t.com,AVAILABILITY,origin.list,origin.list,2023-02-02 05:11:47.459039,a69c77b5309fd8c8697d1da1
0045x.com,AVAILABILITY,origin.list,origin.list,2023-02-02 05:11:49.237689,a69c77b5309fd8c8697d1da1
0045n.com,AVAILABILITY,origin.list,origin.list,2023-02-02 05:11:49.357662,a69c77b5309fd8c8697d1da1
0047n.com,AVAILABILITY,origin.list,origin.list,2023-02-02 05:11:49.755950,a69c77b5309fd8c8697d1da1
0048n.com,AVAILABILITY,origin.list,origin.list,2023-02-02 05:11:51.772407,a69c77b5309fd8c8697d1da1
0047t.com,AVAILABILITY,origin.list,origin.list,2023-02-02 05:11:51.856075,a69c77b5309fd8c8697d1da1
0048t.com,AVAILABILITY,origin.list,origin.list,2023-02-02 05:11:53.599479,a69c77b5309fd8c8697d1da1
0048v.com,AVAILABILITY,origin.list,origin.list,2023-02-02 05:11:53.734383,a69c77b5309fd8c8697d1da1
004gg.com,AVAILABILITY,origin.list,origin.list,2023-02-02 05:11:54.343656,a69c77b5309fd8c8697d1da1
0049t.com,AVAILABILITY,origin.list,origin.list,2023-02-02 05:11:54.543630,a69c77b5309fd8c8697d1da1
0049v.com,AVAILABILITY,origin.list,origin.list,2023-02-02 05:11:54.789043,a69c77b5309fd8c8697d1da1
0051330.xyz,AVAILABILITY,origin.list,origin.list,2023-02-02 05:11:56.117806,a69c77b5309fd8c8697d1da1
0050800.xyz,AVAILABILITY,origin.list,origin.list,2023-02-02 05:11:56.123961,a69c77b5309fd8c8697d1da1
0051130.xyz,AVAILABILITY,origin.list,origin.list,2023-02-02 05:11:56.166022,a69c77b5309fd8c8697d1da1
0051230.xyz,AVAILABILITY,origin.list,origin.list,2023-02-02 05:11:56.368503,a69c77b5309fd8c8697d1da1
0051430.xyz,AVAILABILITY,origin.list,origin.list,2023-02-02 05:11:56.637906,a69c77b5309fd8c8697d1da1
0051800.xyz,AVAILABILITY,origin.list,origin.list,2023-02-02 05:11:57.913486,a69c77b5309fd8c8697d1da1
0051530.xyz,AVAILABILITY,origin.list,origin.list,2023-02-02 05:11:58.035215,a69c77b5309fd8c8697d1da1
0051730.xyz,AVAILABILITY,origin.list,origin.list,2023-02-02 05:11:58.113808,a69c77b5309fd8c8697d1da1
0051a.com,AVAILABILITY,origin.list,origin.list,2023-02-02 05:11:58.202858,a69c77b5309fd8c8697d1da1
0052160.xyz,AVAILABILITY,origin.list,origin.list,2023-02-02 05:11:59.768720,a69c77b5309fd8c8697d1da1
005218.com,AVAILABILITY,origin.list,origin.list,2023-02-02 05:12:00.614928,a69c77b5309fd8c8697d1da1
005219.com,AVAILABILITY,origin.list,origin.list,2023-02-02 05:12:00.833824,a69c77b5309fd8c8697d1da1
0051n.com,AVAILABILITY,origin.list,origin.list,2023-02-02 05:12:00.852880,a69c77b5309fd8c8697d1da1
0051x.com,AVAILABILITY,origin.list,origin.list,2023-02-02 05:12:01.174016,a69c77b5309fd8c8697d1da1
0052200.xyz,AVAILABILITY,origin.list,origin.list,2023-02-02 05:12:01.407845,a69c77b5309fd8c8697d1da1
0052400.xyz,AVAILABILITY,origin.list,origin.list,2023-02-02 05:12:02.463218,a69c77b5309fd8c8697d1da1
0052300.xyz,AVAILABILITY,origin.list,origin.list,2023-02-02 05:12:02.561205,a69c77b5309fd8c8697d1da1
0052500.xyz,AVAILABILITY,origin.list,origin.list,2023-02-02 05:12:02.573680,a69c77b5309fd8c8697d1da1
0053100.xyz,AVAILABILITY,origin.list,origin.list,2023-02-02 05:12:10.127444,a69c77b5309fd8c8697d1da1
0053300.xyz,AVAILABILITY,origin.list,origin.list,2023-02-02 05:12:10.332153,a69c77b5309fd8c8697d1da1
0053200.xyz,AVAILABILITY,origin.list,origin.list,2023-02-02 05:12:10.451987,a69c77b5309fd8c8697d1da1
0052800.xyz,AVAILABILITY,origin.list,origin.list,2023-02-02 05:12:11.072462,a69c77b5309fd8c8697d1da1
0053000.xyz,AVAILABILITY,origin.list,origin.list,2023-02-02 05:12:11.189645,a69c77b5309fd8c8697d1da1
0053400.xyz,AVAILABILITY,origin.list,origin.list,2023-02-02 05:12:12.176183,a69c77b5309fd8c8697d1da1
00544tyc.com,AVAILABILITY,origin.list,origin.list,2023-02-02 05:12:20.003078,a69c77b5309fd8c8697d1da1
00544tyc.vip,AVAILABILITY,origin.list,origin.list,2023-02-02 05:12:28.201916,a69c77b5309fd8c8697d1da1
0054n.com,AVAILABILITY,origin.list,origin.list,2023-02-02 05:12:32.848890,a69c77b5309fd8c8697d1da1
0054t.com,AVAILABILITY,origin.list,origin.list,2023-02-02 05:12:32.981042,a69c77b5309fd8c8697d1da1
0053n.com,AVAILABILITY,origin.list,origin.list,2023-02-02 05:12:33.426847,a69c77b5309fd8c8697d1da1
0055450.xyz,AVAILABILITY,origin.list,origin.list,2023-02-02 05:12:53.081342,a69c77b5309fd8c8697d1da1
005689.com,AVAILABILITY,origin.list,origin.list,2023-02-02 05:12:53.214113,a69c77b5309fd8c8697d1da1
0054v.com,AVAILABILITY,origin.list,origin.list,2023-02-02 05:13:26.698812,a69c77b5309fd8c8697d1da1
0054x.com,AVAILABILITY,origin.list,origin.list,2023-02-02 05:13:38.561720,a69c77b5309fd8c8697d1da1
0056n.com,AVAILABILITY,origin.list,origin.list,2023-02-02 05:13:44.217022,a69c77b5309fd8c8697d1da1
0057v.com,AVAILABILITY,origin.list,origin.list,2023-02-02 05:14:03.857321,a69c77b5309fd8c8697d1da1
0056v.com,AVAILABILITY,origin.list,origin.list,2023-02-02 05:14:03.864005,a69c77b5309fd8c8697d1da1
00581330.com,AVAILABILITY,origin.list,origin.list,2023-02-02 05:14:37.181572,a69c77b5309fd8c8697d1da1
00581331.com,AVAILABILITY,origin.list,origin.list,2023-02-02 05:14:50.184482,a69c77b5309fd8c8697d1da1
005866.com,AVAILABILITY,origin.list,origin.list,2023-02-02 05:14:53.150227,a69c77b5309fd8c8697d1da1
00581332.com,AVAILABILITY,origin.list,origin.list,2023-02-02 05:14:54.858050,a69c77b5309fd8c8697d1da1
0059.store,AVAILABILITY,origin.list,origin.list,2023-02-02 05:15:13.428353,a69c77b5309fd8c8697d1da1
0059.today,AVAILABILITY,origin.list,origin.list,2023-02-02 05:15:13.879308,a69c77b5309fd8c8697d1da1
0059v.com,AVAILABILITY,origin.list,origin.list,2023-02-02 05:15:17.386100,a69c77b5309fd8c8697d1da1
0059n.com,AVAILABILITY,origin.list,origin.list,2023-02-02 05:15:18.339529,a69c77b5309fd8c8697d1da1
00581335.com,AVAILABILITY,origin.list,origin.list,2023-02-02 05:15:19.505032,a69c77b5309fd8c8697d1da1
005893.com,AVAILABILITY,origin.list,origin.list,2023-02-02 05:15:19.739270,a69c77b5309fd8c8697d1da1
00581333.com,AVAILABILITY,origin.list,origin.list,2023-02-02 05:15:20.636903,a69c77b5309fd8c8697d1da1
006032.com,AVAILABILITY,origin.list,origin.list,2023-02-02 05:15:22.695698,a69c77b5309fd8c8697d1da1
006042.com,AVAILABILITY,origin.list,origin.list,2023-02-02 05:15:23.430144,a69c77b5309fd8c8697d1da1
006045.com,AVAILABILITY,origin.list,origin.list,2023-02-02 05:15:24.669200,a69c77b5309fd8c8697d1da1
006049.com,AVAILABILITY,origin.list,origin.list,2023-02-02 05:15:24.841999,a69c77b5309fd8c8697d1da1
006054.com,AVAILABILITY,origin.list,origin.list,2023-02-02 05:15:25.926603,a69c77b5309fd8c8697d1da1
006059.com,AVAILABILITY,origin.list,origin.list,2023-02-02 05:15:27.933557,a69c77b5309fd8c8697d1da1
006071.com,AVAILABILITY,origin.list,origin.list,2023-02-02 05:15:28.783574,a69c77b5309fd8c8697d1da1
006074.com,AVAILABILITY,origin.list,origin.list,2023-02-02 05:15:29.806287,a69c77b5309fd8c8697d1da1
006083.com,AVAILABILITY,origin.list,origin.list,2023-02-02 05:15:30.060188,a69c77b5309fd8c8697d1da1
006084.com,AVAILABILITY,origin.list,origin.list,2023-02-02 05:15:31.288029,a69c77b5309fd8c8697d1da1
006092.com,AVAILABILITY,origin.list,origin.list,2023-02-02 05:15:33.355041,a69c77b5309fd8c8697d1da1
0060c.com,AVAILABILITY,origin.list,origin.list,2023-02-02 05:15:42.246908,a69c77b5309fd8c8697d1da1
0060f.com,AVAILABILITY,origin.list,origin.list,2023-02-02 05:15:42.257313,a69c77b5309fd8c8697d1da1
0060e.com,AVAILABILITY,origin.list,origin.list,2023-02-02 05:15:42.335125,a69c77b5309fd8c8697d1da1
0060g.com,AVAILABILITY,origin.list,origin.list,2023-02-02 05:15:42.844395,a69c77b5309fd8c8697d1da1
0060h.com,AVAILABILITY,origin.list,origin.list,2023-02-02 05:15:45.045399,a69c77b5309fd8c8697d1da1
0060l.com,AVAILABILITY,origin.list,origin.list,2023-02-02 05:15:53.892913,a69c77b5309fd8c8697d1da1
0060n.com,AVAILABILITY,origin.list,origin.list,2023-02-02 05:15:53.926302,a69c77b5309fd8c8697d1da1
0060w.com,AVAILABILITY,origin.list,origin.list,2023-02-02 05:15:53.961463,a69c77b5309fd8c8697d1da1
0060y.com,AVAILABILITY,origin.list,origin.list,2023-02-02 05:15:54.782808,a69c77b5309fd8c8697d1da1
0066608.com,AVAILABILITY,origin.list,origin.list,2023-02-02 05:15:55.840861,a69c77b5309fd8c8697d1da1
0060z.com,AVAILABILITY,origin.list,origin.list,2023-02-02 05:15:56.685192,a69c77b5309fd8c8697d1da1
0065x.com,AVAILABILITY,origin.list,origin.list,2023-02-02 05:15:57.518462,a69c77b5309fd8c8697d1da1
0066vn.com,AVAILABILITY,origin.list,origin.list,2023-02-02 05:15:57.745532,a69c77b5309fd8c8697d1da1
0062n.com,AVAILABILITY,origin.list,origin.list,2023-02-02 05:15:58.399338,a69c77b5309fd8c8697d1da1
0066vs.com,AVAILABILITY,origin.list,origin.list,2023-02-02 05:15:59.438550,a69c77b5309fd8c8697d1da1
0064n.com,AVAILABILITY,origin.list,origin.list,2023-02-02 05:15:59.473294,a69c77b5309fd8c8697d1da1
0067n.com,AVAILABILITY,origin.list,origin.list,2023-02-02 05:16:02.136316,a69c77b5309fd8c8697d1da1
0067t.com,AVAILABILITY,origin.list,origin.list,2023-02-02 05:16:03.421862,a69c77b5309fd8c8697d1da1
0069910.com,AVAILABILITY,origin.list,origin.list,2023-02-02 05:16:05.119204,a69c77b5309fd8c8697d1da1
0069920.com,AVAILABILITY,origin.list,origin.list,2023-02-02 05:16:05.483648,a69c77b5309fd8c8697d1da1
0069930.com,AVAILABILITY,origin.list,origin.list,2023-02-02 05:16:07.249136,a69c77b5309fd8c8697d1da1
0069940.com,AVAILABILITY,origin.list,origin.list,2023-02-02 05:16:07.394140,a69c77b5309fd8c8697d1da1
0069950.com,AVAILABILITY,origin.list,origin.list,2023-02-02 05:16:09.308907,a69c77b5309fd8c8697d1da1
0069960.com,AVAILABILITY,origin.list,origin.list,2023-02-02 05:16:09.456885,a69c77b5309fd8c8697d1da1
006891.com,AVAILABILITY,origin.list,origin.list,2023-02-02 05:16:10.351064,a69c77b5309fd8c8697d1da1
006895.com,AVAILABILITY,origin.list,origin.list,2023-02-02 05:16:10.516258,a69c77b5309fd8c8697d1da1
006906.com,AVAILABILITY,origin.list,origin.list,2023-02-02 05:16:10.558354,a69c77b5309fd8c8697d1da1
0069970.com,AVAILABILITY,origin.list,origin.list,2023-02-02 05:16:11.316497,a69c77b5309fd8c8697d1da1
0069990.com,AVAILABILITY,origin.list,origin.list,2023-02-02 05:16:11.471395,a69c77b5309fd8c8697d1da1
0069991.com,AVAILABILITY,origin.list,origin.list,2023-02-02 05:16:12.412521,a69c77b5309fd8c8697d1da1
0069992.com,AVAILABILITY,origin.list,origin.list,2023-02-02 05:16:12.520636,a69c77b5309fd8c8697d1da1
0069993.com,AVAILABILITY,origin.list,origin.list,2023-02-02 05:16:12.768919,a69c77b5309fd8c8697d1da1
0069994.com,AVAILABILITY,origin.list,origin.list,2023-02-02 05:16:13.377066,a69c77b5309fd8c8697d1da1
0069995.com,AVAILABILITY,origin.list,origin.list,2023-02-02 05:16:13.687309,a69c77b5309fd8c8697d1da1
0069996.com,AVAILABILITY,origin.list,origin.list,2023-02-02 05:16:14.539547,a69c77b5309fd8c8697d1da1
0069997.com,AVAILABILITY,origin.list,origin.list,2023-02-02 05:16:14.552352,a69c77b5309fd8c8697d1da1
0069998.com,AVAILABILITY,origin.list,origin.list,2023-02-02 05:16:14.903002,a69c77b5309fd8c8697d1da1
0069v.com,AVAILABILITY,origin.list,origin.list,2023-02-02 05:16:17.120309,a69c77b5309fd8c8697d1da1
0071v.com,AVAILABILITY,origin.list,origin.list,2023-02-02 05:16:18.016929,a69c77b5309fd8c8697d1da1
0071n.com,AVAILABILITY,origin.list,origin.list,2023-02-02 05:16:19.081994,a69c77b5309fd8c8697d1da1
0070x.com,AVAILABILITY,origin.list,origin.list,2023-02-02 05:16:19.951922,a69c77b5309fd8c8697d1da1
0070t.com,AVAILABILITY,origin.list,origin.list,2023-02-02 05:16:20.750262,a69c77b5309fd8c8697d1da1
0073x.com,AVAILABILITY,origin.list,origin.list,2023-02-02 05:16:23.442658,a69c77b5309fd8c8697d1da1
0077696.com,AVAILABILITY,origin.list,origin.list,2023-02-02 05:16:23.504418,a69c77b5309fd8c8697d1da1
0077n.com,AVAILABILITY,origin.list,origin.list,2023-02-02 05:16:23.833284,a69c77b5309fd8c8697d1da1
0074v.com,AVAILABILITY,origin.list,origin.list,2023-02-02 05:16:24.450155,a69c77b5309fd8c8697d1da1
0077vn.com,AVAILABILITY,origin.list,origin.list,2023-02-02 05:16:24.760629,a69c77b5309fd8c8697d1da1
0074t.com,AVAILABILITY,origin.list,origin.list,2023-02-02 05:16:26.001559,a69c77b5309fd8c8697d1da1
0078v.com,AVAILABILITY,origin.list,origin.list,2023-02-02 05:16:26.952601,a69c77b5309fd8c8697d1da1
0078n.com,AVAILABILITY,origin.list,origin.list,2023-02-02 05:16:27.850892,a69c77b5309fd8c8697d1da1
0078x.com,AVAILABILITY,origin.list,origin.list,2023-02-02 05:16:28.111851,a69c77b5309fd8c8697d1da1
00800.vip,AVAILABILITY,origin.list,origin.list,2023-02-02 05:16:34.187229,a69c77b5309fd8c8697d1da1
007912.com,AVAILABILITY,origin.list,origin.list,2023-02-02 05:16:35.624927,a69c77b5309fd8c8697d1da1
007913.com,AVAILABILITY,origin.list,origin.list,2023-02-02 05:16:37.099155,a69c77b5309fd8c8697d1da1
007915.com,AVAILABILITY,origin.list,origin.list,2023-02-02 05:16:37.817248,a69c77b5309fd8c8697d1da1
007916.com,AVAILABILITY,origin.list,origin.list,2023-02-02 05:16:38.717553,a69c77b5309fd8c8697d1da1
00808.vip,AVAILABILITY,origin.list,origin.list,2023-02-02 05:16:38.843070,a69c77b5309fd8c8697d1da1
0081n.com,AVAILABILITY,origin.list,origin.list,2023-02-02 05:16:40.055548,a69c77b5309fd8c8697d1da1
0081t.com,AVAILABILITY,origin.list,origin.list,2023-02-02 05:16:41.660565,a69c77b5309fd8c8697d1da1
0081v.com,AVAILABILITY,origin.list,origin.list,2023-02-02 05:16:42.702851,a69c77b5309fd8c8697d1da1
0082v.com,AVAILABILITY,origin.list,origin.list,2023-02-02 05:16:42.757590,a69c77b5309fd8c8697d1da1
0082x.com,AVAILABILITY,origin.list,origin.list,2023-02-02 05:16:43.226931,a69c77b5309fd8c8697d1da1
0082n.com,AVAILABILITY,origin.list,origin.list,2023-02-02 05:16:43.863033,a69c77b5309fd8c8697d1da1
0083v.com,AVAILABILITY,origin.list,origin.list,2023-02-02 05:16:45.736545,a69c77b5309fd8c8697d1da1
0083x.com,AVAILABILITY,origin.list,origin.list,2023-02-02 05:16:45.974108,a69c77b5309fd8c8697d1da1
0084n.com,AVAILABILITY,origin.list,origin.list,2023-02-02 05:16:47.848432,a69c77b5309fd8c8697d1da1
0084v.com,AVAILABILITY,origin.list,origin.list,2023-02-02 05:16:48.709781,a69c77b5309fd8c8697d1da1
0084t.com,AVAILABILITY,origin.list,origin.list,2023-02-02 05:16:49.022195,a69c77b5309fd8c8697d1da1
008389.com,AVAILABILITY,origin.list,origin.list,2023-02-02 05:16:50.036304,a69c77b5309fd8c8697d1da1
0086x.com,AVAILABILITY,origin.list,origin.list,2023-02-02 05:16:51.188045,a69c77b5309fd8c8697d1da1
0087n.com,AVAILABILITY,origin.list,origin.list,2023-02-02 05:16:52.999354,a69c77b5309fd8c8697d1da1
0087v.com,AVAILABILITY,origin.list,origin.list,2023-02-02 05:16:53.949278,a69c77b5309fd8c8697d1da1
00885003.com,AVAILABILITY,origin.list,origin.list,2023-02-02 05:16:54.828109,a69c77b5309fd8c8697d1da1
0088vn.com,AVAILABILITY,origin.list,origin.list,2023-02-02 05:16:55.234305,a69c77b5309fd8c8697d1da1
0088696.com,AVAILABILITY,origin.list,origin.list,2023-02-02 05:16:55.716338,a69c77b5309fd8c8697d1da1
008502.com,AVAILABILITY,origin.list,origin.list,2023-02-02 05:16:56.916194,a69c77b5309fd8c8697d1da1
0088n.com,AVAILABILITY,origin.list,origin.list,2023-02-02 05:16:57.358237,a69c77b5309fd8c8697d1da1
008901.com,AVAILABILITY,origin.list,origin.list,2023-02-02 05:17:06.076551,a69c77b5309fd8c8697d1da1
008902.com,AVAILABILITY,origin.list,origin.list,2023-02-02 05:17:06.089579,a69c77b5309fd8c8697d1da1
008905.com,AVAILABILITY,origin.list,origin.list,2023-02-02 05:17:06.658114,a69c77b5309fd8c8697d1da1
008906.com,AVAILABILITY,origin.list,origin.list,2023-02-02 05:17:07.768087,a69c77b5309fd8c8697d1da1
008907.com,AVAILABILITY,origin.list,origin.list,2023-02-02 05:17:08.217292,a69c77b5309fd8c8697d1da1
008hgvip.com,AVAILABILITY,origin.list,origin.list,2023-02-02 05:17:09.262105,a69c77b5309fd8c8697d1da1
0089n.com,AVAILABILITY,origin.list,origin.list,2023-02-02 05:17:10.574198,a69c77b5309fd8c8697d1da1
008938.com,AVAILABILITY,origin.list,origin.list,2023-02-02 05:17:16.938239,a69c77b5309fd8c8697d1da1
009028.com,AVAILABILITY,origin.list,origin.list,2023-02-02 05:17:21.439762,a69c77b5309fd8c8697d1da1
009015.com,AVAILABILITY,origin.list,origin.list,2023-02-02 05:17:23.172139,a69c77b5309fd8c8697d1da1
009026.com,AVAILABILITY,origin.list,origin.list,2023-02-02 05:17:29.079189,a69c77b5309fd8c8697d1da1
009024.com,AVAILABILITY,origin.list,origin.list,2023-02-02 05:17:32.177370,a69c77b5309fd8c8697d1da1
009047.com,AVAILABILITY,origin.list,origin.list,2023-02-02 05:17:38.629425,a69c77b5309fd8c8697d1da1
009064.com,AVAILABILITY,origin.list,origin.list,2023-02-02 05:17:47.695028,a69c77b5309fd8c8697d1da1
009043.com,AVAILABILITY,origin.list,origin.list,2023-02-02 05:17:48.469315,a69c77b5309fd8c8697d1da1
009054.com,AVAILABILITY,origin.list,origin.list,2023-02-02 05:17:49.313463,a69c77b5309fd8c8697d1da1
009041.com,AVAILABILITY,origin.list,origin.list,2023-02-02 05:17:52.912887,a69c77b5309fd8c8697d1da1
009074.com,AVAILABILITY,origin.list,origin.list,2023-02-02 05:17:58.858999,a69c77b5309fd8c8697d1da1
009084.com,AVAILABILITY,origin.list,origin.list,2023-02-02 05:18:07.929321,a69c77b5309fd8c8697d1da1
0091198.com,AVAILABILITY,origin.list,origin.list,2023-02-02 05:18:13.146931,a69c77b5309fd8c8697d1da1
009199.com,AVAILABILITY,origin.list,origin.list,2023-02-02 05:18:19.093727,a69c77b5309fd8c8697d1da1
0092a.com,AVAILABILITY,origin.list,origin.list,2023-02-02 05:18:33.377926,a69c77b5309fd8c8697d1da1
0090n.com,AVAILABILITY,origin.list,origin.list,2023-02-02 05:18:59.224268,a69c77b5309fd8c8697d1da1
0090x.com,AVAILABILITY,origin.list,origin.list,2023-02-02 05:19:00.071136,a69c77b5309fd8c8697d1da1
0091t.com,AVAILABILITY,origin.list,origin.list,2023-02-02 05:19:23.788301,a69c77b5309fd8c8697d1da1
0095v.com,AVAILABILITY,origin.list,origin.list,2023-02-02 05:19:28.006969,a69c77b5309fd8c8697d1da1
0092x.com,AVAILABILITY,origin.list,origin.list,2023-02-02 05:19:33.642279,a69c77b5309fd8c8697d1da1
0093v.com,AVAILABILITY,origin.list,origin.list,2023-02-02 05:19:36.630624,a69c77b5309fd8c8697d1da1
0095n.com,AVAILABILITY,origin.list,origin.list,2023-02-02 05:19:37.031655,a69c77b5309fd8c8697d1da1
0093n.com,AVAILABILITY,origin.list,origin.list,2023-02-02 05:19:37.045452,a69c77b5309fd8c8697d1da1
0096n.com,AVAILABILITY,origin.list,origin.list,2023-02-02 05:19:38.148963,a69c77b5309fd8c8697d1da1
0099vn.com,AVAILABILITY,origin.list,origin.list,2023-02-02 05:19:38.884221,a69c77b5309fd8c8697d1da1
0096v.com,AVAILABILITY,origin.list,origin.list,2023-02-02 05:19:39.285236,a69c77b5309fd8c8697d1da1
0097x.com,AVAILABILITY,origin.list,origin.list,2023-02-02 05:19:40.152739,a69c77b5309fd8c8697d1da1
0097v.com,AVAILABILITY,origin.list,origin.list,2023-02-02 05:19:40.980429,a69c77b5309fd8c8697d1da1
00cc0880.com,AVAILABILITY,origin.list,origin.list,2023-02-02 05:19:43.474784,a69c77b5309fd8c8697d1da1
00ss5357.com,AVAILABILITY,origin.list,origin.list,2023-02-02 05:19:43.481857,a69c77b5309fd8c8697d1da1
00jj5357.com,AVAILABILITY,origin.list,origin.list,2023-02-02 05:19:43.945739,a69c77b5309fd8c8697d1da1
0100n.com,AVAILABILITY,origin.list,origin.list,2023-02-02 05:19:44.111915,a69c77b5309fd8c8697d1da1
00uu5357.com,AVAILABILITY,origin.list,origin.list,2023-02-02 05:19:45.166643,a69c77b5309fd8c8697d1da1
010179.xyz,AVAILABILITY,origin.list,origin.list,2023-02-02 05:19:45.367565,a69c77b5309fd8c8697d1da1
010178.xyz,AVAILABILITY,origin.list,origin.list,2023-02-02 05:19:45.931810,a69c77b5309fd8c8697d1da1
010135.xyz,AVAILABILITY,origin.list,origin.list,2023-02-02 05:19:45.935522,a69c77b5309fd8c8697d1da1
010181.xyz,AVAILABILITY,origin.list,origin.list,2023-02-02 05:19:46.970404,a69c77b5309fd8c8697d1da1
010182.xyz,AVAILABILITY,origin.list,origin.list,2023-02-02 05:19:47.177804,a69c77b5309fd8c8697d1da1
010185.xyz,AVAILABILITY,origin.list,origin.list,2023-02-02 05:19:47.638814,a69c77b5309fd8c8697d1da1
010186.xyz,AVAILABILITY,origin.list,origin.list,2023-02-02 05:19:47.964582,a69c77b5309fd8c8697d1da1
010183.xyz,AVAILABILITY,origin.list,origin.list,2023-02-02 05:19:48.011627,a69c77b5309fd8c8697d1da1
010191.xyz,AVAILABILITY,origin.list,origin.list,2023-02-02 05:19:58.545677,a69c77b5309fd8c8697d1da1
010187.xyz,AVAILABILITY,origin.list,origin.list,2023-02-02 05:19:58.551490,a69c77b5309fd8c8697d1da1
010195.xyz,AVAILABILITY,origin.list,origin.list,2023-02-02 05:19:58.707212,a69c77b5309fd8c8697d1da1
010192.xyz,AVAILABILITY,origin.list,origin.list,2023-02-02 05:19:58.750836,a69c77b5309fd8c8697d1da1
010193.xyz,AVAILABILITY,origin.list,origin.list,2023-02-02 05:19:59.280507,a69c77b5309fd8c8697d1da1
0101vn.com,AVAILABILITY,origin.list,origin.list,2023-02-02 05:19:59.930254,a69c77b5309fd8c8697d1da1
010197.xyz,AVAILABILITY,origin.list,origin.list,2023-02-02 05:20:00.737512,a69c77b5309fd8c8697d1da1
010227.xyz,AVAILABILITY,origin.list,origin.list,2023-02-02 05:20:01.839822,a69c77b5309fd8c8697d1da1
0102138.com,AVAILABILITY,origin.list,origin.list,2023-02-02 05:20:10.081728,a69c77b5309fd8c8697d1da1
010231.xyz,AVAILABILITY,origin.list,origin.list,2023-02-02 05:20:10.405623,a69c77b5309fd8c8697d1da1
010229.xyz,AVAILABILITY,origin.list,origin.list,2023-02-02 05:20:10.681182,a69c77b5309fd8c8697d1da1
010232.xyz,AVAILABILITY,origin.list,origin.list,2023-02-02 05:20:10.795110,a69c77b5309fd8c8697d1da1
010228.xyz,AVAILABILITY,origin.list,origin.list,2023-02-02 05:20:10.846370,a69c77b5309fd8c8697d1da1
010235.xyz,AVAILABILITY,origin.list,origin.list,2023-02-02 05:20:11.697119,a69c77b5309fd8c8697d1da1
0105.biz,AVAILABILITY,origin.list,origin.list,2023-02-02 05:20:13.865915,a69c77b5309fd8c8697d1da1
0103vip.com,AVAILABILITY,origin.list,origin.list,2023-02-02 05:20:17.702684,a69c77b5309fd8c8697d1da1
0108vip.com,AVAILABILITY,origin.list,origin.list,2023-02-02 05:20:17.727570,a69c77b5309fd8c8697d1da1
0105vip.com,AVAILABILITY,origin.list,origin.list,2023-02-02 05:20:17.925722,a69c77b5309fd8c8697d1da1
0109t.com,AVAILABILITY,origin.list,origin.list,2023-02-02 05:20:18.471986,a69c77b5309fd8c8697d1da1
010wanbo.com,AVAILABILITY,origin.list,origin.list,2023-02-02 05:20:19.513385,a69c77b5309fd8c8697d1da1
0111v.com,AVAILABILITY,origin.list,origin.list,2023-02-02 05:20:20.027194,a69c77b5309fd8c8697d1da1
010bestk8.com,AVAILABILITY,origin.list,origin.list,2023-02-02 05:20:20.143744,a69c77b5309fd8c8697d1da1
0102677.com,AVAILABILITY,origin.list,origin.list,2023-02-02 05:20:23.129742,a69c77b5309fd8c8697d1da1
0112n.com,AVAILABILITY,origin.list,origin.list,2023-02-02 05:20:24.899340,a69c77b5309fd8c8697d1da1
0112v.com,AVAILABILITY,origin.list,origin.list,2023-02-02 05:20:26.871518,a69c77b5309fd8c8697d1da1
0112t.com,AVAILABILITY,origin.list,origin.list,2023-02-02 05:20:27.440912,a69c77b5309fd8c8697d1da1
0113v.com,AVAILABILITY,origin.list,origin.list,2023-02-02 05:20:27.789126,a69c77b5309fd8c8697d1da1
0113t.com,AVAILABILITY,origin.list,origin.list,2023-02-02 05:20:28.624984,a69c77b5309fd8c8697d1da1
0109vip.com,AVAILABILITY,origin.list,origin.list,2023-02-02 05:20:30.693359,a69c77b5309fd8c8697d1da1
0114n.com,AVAILABILITY,origin.list,origin.list,2023-02-02 05:20:32.245432,a69c77b5309fd8c8697d1da1
011432.com,AVAILABILITY,origin.list,origin.list,2023-02-02 05:20:32.593945,a69c77b5309fd8c8697d1da1
0114ccb.com,AVAILABILITY,origin.list,origin.list,2023-02-02 05:20:32.974540,a69c77b5309fd8c8697d1da1
0114t.com,AVAILABILITY,origin.list,origin.list,2023-02-02 05:20:33.378740,a69c77b5309fd8c8697d1da1
0115n.com,AVAILABILITY,origin.list,origin.list,2023-02-02 05:20:35.464809,a69c77b5309fd8c8697d1da1
0116n.com,AVAILABILITY,origin.list,origin.list,2023-02-02 05:20:37.101405,a69c77b5309fd8c8697d1da1
0116t.com,AVAILABILITY,origin.list,origin.list,2023-02-02 05:20:37.404684,a69c77b5309fd8c8697d1da1
0118v.com,AVAILABILITY,origin.list,origin.list,2023-02-02 05:20:37.574104,a69c77b5309fd8c8697d1da1
011bestk8.com,AVAILABILITY,origin.list,origin.list,2023-02-02 05:20:37.927000,a69c77b5309fd8c8697d1da1
0118t.com,AVAILABILITY,origin.list,origin.list,2023-02-02 05:20:37.958853,a69c77b5309fd8c8697d1da1
0123syu.com,AVAILABILITY,origin.list,origin.list,2023-02-02 05:20:40.031098,a69c77b5309fd8c8697d1da1
0126683.com,AVAILABILITY,origin.list,origin.list,2023-02-02 05:20:40.547790,a69c77b5309fd8c8697d1da1
0124384.com,AVAILABILITY,origin.list,origin.list,2023-02-02 05:20:41.170707,a69c77b5309fd8c8697d1da1
0122n.com,AVAILABILITY,origin.list,origin.list,2023-02-02 05:20:41.937892,a69c77b5309fd8c8697d1da1
012a1.com,AVAILABILITY,origin.list,origin.list,2023-02-02 05:20:42.599437,a69c77b5309fd8c8697d1da1
012a2.com,AVAILABILITY,origin.list,origin.list,2023-02-02 05:20:43.196730,a69c77b5309fd8c8697d1da1
012a5.com,AVAILABILITY,origin.list,origin.list,2023-02-02 05:20:43.494692,a69c77b5309fd8c8697d1da1
012a7.com,AVAILABILITY,origin.list,origin.list,2023-02-02 05:20:44.310638,a69c77b5309fd8c8697d1da1
012a9.com,AVAILABILITY,origin.list,origin.list,2023-02-02 05:20:45.121054,a69c77b5309fd8c8697d1da1
012aab.com,AVAILABILITY,origin.list,origin.list,2023-02-02 05:20:45.747850,a69c77b5309fd8c8697d1da1
012aabb.com,AVAILABILITY,origin.list,origin.list,2023-02-02 05:20:46.045219,a69c77b5309fd8c8697d1da1
012aac.com,AVAILABILITY,origin.list,origin.list,2023-02-02 05:20:46.785198,a69c77b5309fd8c8697d1da1
012.vip,AVAILABILITY,origin.list,origin.list,2023-02-02 05:20:47.715077,a69c77b5309fd8c8697d1da1
012aadd.com,AVAILABILITY,origin.list,origin.list,2023-02-02 05:20:52.005713,a69c77b5309fd8c8697d1da1
012aacc.com,AVAILABILITY,origin.list,origin.list,2023-02-02 05:20:52.260265,a69c77b5309fd8c8697d1da1
012aaee.com,AVAILABILITY,origin.list,origin.list,2023-02-02 05:20:53.391674,a69c77b5309fd8c8697d1da1
012aaff.com,AVAILABILITY,origin.list,origin.list,2023-02-02 05:20:54.102433,a69c77b5309fd8c8697d1da1
012aae.com,AVAILABILITY,origin.list,origin.list,2023-02-02 05:20:54.289034,a69c77b5309fd8c8697d1da1
012aah.com,AVAILABILITY,origin.list,origin.list,2023-02-02 05:20:54.859080,a69c77b5309fd8c8697d1da1
012aai.com,AVAILABILITY,origin.list,origin.list,2023-02-02 05:20:56.315971,a69c77b5309fd8c8697d1da1
012aahh.com,AVAILABILITY,origin.list,origin.list,2023-02-02 05:20:56.470318,a69c77b5309fd8c8697d1da1
012aagg.com,AVAILABILITY,origin.list,origin.list,2023-02-02 05:20:56.615429,a69c77b5309fd8c8697d1da1
012aaii.com,AVAILABILITY,origin.list,origin.list,2023-02-02 05:20:57.398336,a69c77b5309fd8c8697d1da1
012aajj.com,AVAILABILITY,origin.list,origin.list,2023-02-02 05:20:57.436197,a69c77b5309fd8c8697d1da1
012aakk.com,AVAILABILITY,origin.list,origin.list,2023-02-02 05:20:59.095967,a69c77b5309fd8c8697d1da1
012aann.com,AVAILABILITY,origin.list,origin.list,2023-02-02 05:20:59.153811,a69c77b5309fd8c8697d1da1
012aaoo.com,AVAILABILITY,origin.list,origin.list,2023-02-02 05:20:59.937546,a69c77b5309fd8c8697d1da1
012aapp.com,AVAILABILITY,origin.list,origin.list,2023-02-02 05:20:59.979697,a69c77b5309fd8c8697d1da1
012aass.com,AVAILABILITY,origin.list,origin.list,2023-02-02 05:21:01.677541,a69c77b5309fd8c8697d1da1
012aaqq.com,AVAILABILITY,origin.list,origin.list,2023-02-02 05:21:01.743302,a69c77b5309fd8c8697d1da1
012aatt.com,AVAILABILITY,origin.list,origin.list,2023-02-02 05:21:02.501814,a69c77b5309fd8c8697d1da1
012aauu.com,AVAILABILITY,origin.list,origin.list,2023-02-02 05:21:02.505382,a69c77b5309fd8c8697d1da1
012aak.com,AVAILABILITY,origin.list,origin.list,2023-02-02 05:21:03.909949,a69c77b5309fd8c8697d1da1
012aaww.com,AVAILABILITY,origin.list,origin.list,2023-02-02 05:21:03.961356,a69c77b5309fd8c8697d1da1
012aavv.com,AVAILABILITY,origin.list,origin.list,2023-02-02 05:21:04.241619,a69c77b5309fd8c8697d1da1
012aayy.com,AVAILABILITY,origin.list,origin.list,2023-02-02 05:21:04.951406,a69c77b5309fd8c8697d1da1
012aaxx.com,AVAILABILITY,origin.list,origin.list,2023-02-02 05:21:05.119348,a69c77b5309fd8c8697d1da1
012ab.com,AVAILABILITY,origin.list,origin.list,2023-02-02 05:21:06.124140,a69c77b5309fd8c8697d1da1
012ad.com,AVAILABILITY,origin.list,origin.list,2023-02-02 05:21:06.591808,a69c77b5309fd8c8697d1da1
012add.com,AVAILABILITY,origin.list,origin.list,2023-02-02 05:21:06.887548,a69c77b5309fd8c8697d1da1
012aee.com,AVAILABILITY,origin.list,origin.list,2023-02-02 05:21:07.189609,a69c77b5309fd8c8697d1da1
012ajj.com,AVAILABILITY,origin.list,origin.list,2023-02-02 05:21:07.697439,a69c77b5309fd8c8697d1da1
012akk.com,AVAILABILITY,origin.list,origin.list,2023-02-02 05:21:08.728363,a69c77b5309fd8c8697d1da1
012amm.com,AVAILABILITY,origin.list,origin.list,2023-02-02 05:21:09.508072,a69c77b5309fd8c8697d1da1
012ang.com,AVAILABILITY,origin.list,origin.list,2023-02-02 05:21:09.801620,a69c77b5309fd8c8697d1da1
012all.com,AVAILABILITY,origin.list,origin.list,2023-02-02 05:21:09.893135,a69c77b5309fd8c8697d1da1
012b1.com,AVAILABILITY,origin.list,origin.list,2023-02-02 05:21:10.125270,a69c77b5309fd8c8697d1da1
012b2.com,AVAILABILITY,origin.list,origin.list,2023-02-02 05:21:11.268854,a69c77b5309fd8c8697d1da1
012b3.com,AVAILABILITY,origin.list,origin.list,2023-02-02 05:21:12.050869,a69c77b5309fd8c8697d1da1
012b6.com,AVAILABILITY,origin.list,origin.list,2023-02-02 05:21:12.258597,a69c77b5309fd8c8697d1da1
012b7.com,AVAILABILITY,origin.list,origin.list,2023-02-02 05:21:12.365340,a69c77b5309fd8c8697d1da1
012b8.com,AVAILABILITY,origin.list,origin.list,2023-02-02 05:21:12.656249,a69c77b5309fd8c8697d1da1
012ben.com,AVAILABILITY,origin.list,origin.list,2023-02-02 05:21:22.923458,a69c77b5309fd8c8697d1da1
012bestk8.com,AVAILABILITY,origin.list,origin.list,2023-02-02 05:21:22.988941,a69c77b5309fd8c8697d1da1
012bg.com,AVAILABILITY,origin.list,origin.list,2023-02-02 05:21:23.615265,a69c77b5309fd8c8697d1da1
012c1.com,AVAILABILITY,origin.list,origin.list,2023-02-02 05:21:23.959075,a69c77b5309fd8c8697d1da1
012c2.com,AVAILABILITY,origin.list,origin.list,2023-02-02 05:21:24.310315,a69c77b5309fd8c8697d1da1
012c8.com,AVAILABILITY,origin.list,origin.list,2023-02-02 05:21:25.969180,a69c77b5309fd8c8697d1da1
012c5.com,AVAILABILITY,origin.list,origin.list,2023-02-02 05:21:25.987428,a69c77b5309fd8c8697d1da1
012chi.com,AVAILABILITY,origin.list,origin.list,2023-02-02 05:21:26.971293,a69c77b5309fd8c8697d1da1
012cpw.com,AVAILABILITY,origin.list,origin.list,2023-02-02 05:21:27.236872,a69c77b5309fd8c8697d1da1
012chu.com,AVAILABILITY,origin.list,origin.list,2023-02-02 05:21:36.467207,a69c77b5309fd8c8697d1da1
012dai.com,AVAILABILITY,origin.list,origin.list,2023-02-02 05:21:46.727173,a69c77b5309fd8c8697d1da1
012cpw.net,AVAILABILITY,origin.list,origin.list,2023-02-02 05:21:47.029951,a69c77b5309fd8c8697d1da1
012cui.com,AVAILABILITY,origin.list,origin.list,2023-02-02 05:21:58.707214,a69c77b5309fd8c8697d1da1
012cuo.com,AVAILABILITY,origin.list,origin.list,2023-02-02 05:22:06.744702,a69c77b5309fd8c8697d1da1
012dao.com,AVAILABILITY,origin.list,origin.list,2023-02-02 05:22:07.250315,a69c77b5309fd8c8697d1da1
012dddd.com,AVAILABILITY,origin.list,origin.list,2023-02-02 05:22:22.446659,a69c77b5309fd8c8697d1da1
012daili.com,AVAILABILITY,origin.list,origin.list,2023-02-02 05:22:46.843817,a69c77b5309fd8c8697d1da1
012dd.com,AVAILABILITY,origin.list,origin.list,2023-02-02 05:22:57.422597,a69c77b5309fd8c8697d1da1
012ffaa.com,AVAILABILITY,origin.list,origin.list,2023-02-02 05:23:12.626068,a69c77b5309fd8c8697d1da1
012ff.com,AVAILABILITY,origin.list,origin.list,2023-02-02 05:23:17.117014,a69c77b5309fd8c8697d1da1
012ffcc.com,AVAILABILITY,origin.list,origin.list,2023-02-02 05:23:40.344553,a69c77b5309fd8c8697d1da1
012ffii.com,AVAILABILITY,origin.list,origin.list,2023-02-02 05:23:41.505467,a69c77b5309fd8c8697d1da1
012ffff.com,AVAILABILITY,origin.list,origin.list,2023-02-02 05:23:42.701299,a69c77b5309fd8c8697d1da1
012ffll.com,AVAILABILITY,origin.list,origin.list,2023-02-02 05:23:43.381571,a69c77b5309fd8c8697d1da1
012ffhh.com,AVAILABILITY,origin.list,origin.list,2023-02-02 05:23:45.960587,a69c77b5309fd8c8697d1da1
012ffuu.com,AVAILABILITY,origin.list,origin.list,2023-02-02 05:23:46.551860,a69c77b5309fd8c8697d1da1
012ffoo.com,AVAILABILITY,origin.list,origin.list,2023-02-02 05:23:46.760489,a69c77b5309fd8c8697d1da1
012ffvv.com,AVAILABILITY,origin.list,origin.list,2023-02-02 05:23:49.657297,a69c77b5309fd8c8697d1da1
012ffww.com,AVAILABILITY,origin.list,origin.list,2023-02-02 05:23:51.041658,a69c77b5309fd8c8697d1da1
012ffzz.com,AVAILABILITY,origin.list,origin.list,2023-02-02 05:23:51.099740,a69c77b5309fd8c8697d1da1
012jjjj.com,AVAILABILITY,origin.list,origin.list,2023-02-02 05:23:51.719729,a69c77b5309fd8c8697d1da1
012gggg.com,AVAILABILITY,origin.list,origin.list,2023-02-02 05:23:51.911861,a69c77b5309fd8c8697d1da1
012kkkk.com,AVAILABILITY,origin.list,origin.list,2023-02-02 05:23:52.175602,a69c77b5309fd8c8697d1da1
012p.live,AVAILABILITY,origin.list,origin.list,2023-02-02 05:23:52.495231,a69c77b5309fd8c8697d1da1
012nnnn.com,AVAILABILITY,origin.list,origin.list,2023-02-02 05:23:53.676713,a69c77b5309fd8c8697d1da1
012llll.com,AVAILABILITY,origin.list,origin.list,2023-02-02 05:23:53.741739,a69c77b5309fd8c8697d1da1
012rr.com,AVAILABILITY,origin.list,origin.list,2023-02-02 05:23:54.170419,a69c77b5309fd8c8697d1da1
012tttt.com,AVAILABILITY,origin.list,origin.list,2023-02-02 05:23:54.736993,a69c77b5309fd8c8697d1da1
012uu.com,AVAILABILITY,origin.list,origin.list,2023-02-02 05:23:54.970458,a69c77b5309fd8c8697d1da1
012uuuu.com,AVAILABILITY,origin.list,origin.list,2023-02-02 05:23:57.085892,a69c77b5309fd8c8697d1da1
012uv.com,AVAILABILITY,origin.list,origin.list,2023-02-02 05:23:57.179265,a69c77b5309fd8c8697d1da1
012vv.com,AVAILABILITY,origin.list,origin.list,2023-02-02 05:23:58.230507,a69c77b5309fd8c8697d1da1
012vvvv.com,AVAILABILITY,origin.list,origin.list,2023-02-02 05:23:58.358928,a69c77b5309fd8c8697d1da1
012wwww.com,AVAILABILITY,origin.list,origin.list,2023-02-02 05:23:58.476904,a69c77b5309fd8c8697d1da1
012xxxx.com,AVAILABILITY,origin.list,origin.list,2023-02-02 05:23:59.674728,a69c77b5309fd8c8697d1da1
012yao.com,AVAILABILITY,origin.list,origin.list,2023-02-02 05:23:59.744262,a69c77b5309fd8c8697d1da1
0132a.com,AVAILABILITY,origin.list,origin.list,2023-02-02 05:24:01.402328,a69c77b5309fd8c8697d1da1
012yyyy.com,AVAILABILITY,origin.list,origin.list,2023-02-02 05:24:01.560600,a69c77b5309fd8c8697d1da1
012zzzz.com,AVAILABILITY,origin.list,origin.list,2023-02-02 05:24:01.715884,a69c77b5309fd8c8697d1da1
013123.com,AVAILABILITY,origin.list,origin.list,2023-02-02 05:24:02.326658,a69c77b5309fd8c8697d1da1
013.app,AVAILABILITY,origin.list,origin.list,2023-02-02 05:24:03.163234,a69c77b5309fd8c8697d1da1
013806.app,AVAILABILITY,origin.list,origin.list,2023-02-02 05:24:10.955297,a69c77b5309fd8c8697d1da1
013833.com,AVAILABILITY,origin.list,origin.list,2023-02-02 05:24:14.129350,a69c77b5309fd8c8697d1da1
013bestk8.com,AVAILABILITY,origin.list,origin.list,2023-02-02 05:24:14.297483,a69c77b5309fd8c8697d1da1
014188p.com,AVAILABILITY,origin.list,origin.list,2023-02-02 05:24:15.031002,a69c77b5309fd8c8697d1da1
013958.com,AVAILABILITY,origin.list,origin.list,2023-02-02 05:24:16.149435,a69c77b5309fd8c8697d1da1
0148a.com,AVAILABILITY,origin.list,origin.list,2023-02-02 05:24:25.805369,a69c77b5309fd8c8697d1da1
0144v.com,AVAILABILITY,origin.list,origin.list,2023-02-02 05:24:26.400895,a69c77b5309fd8c8697d1da1
0144n.com,AVAILABILITY,origin.list,origin.list,2023-02-02 05:24:26.834608,a69c77b5309fd8c8697d1da1
0144t.com,AVAILABILITY,origin.list,origin.list,2023-02-02 05:24:27.896375,a69c77b5309fd8c8697d1da1
01548.com,AVAILABILITY,origin.list,origin.list,2023-02-02 05:24:28.743872,a69c77b5309fd8c8697d1da1
014bestk8.com,AVAILABILITY,origin.list,origin.list,2023-02-02 05:24:29.384275,a69c77b5309fd8c8697d1da1
01548a.com,AVAILABILITY,origin.list,origin.list,2023-02-02 05:24:29.948811,a69c77b5309fd8c8697d1da1
01472.com,AVAILABILITY,origin.list,origin.list,2023-02-02 05:24:31.439678,a69c77b5309fd8c8697d1da1
01548b.com,AVAILABILITY,origin.list,origin.list,2023-02-02 05:24:31.819758,a69c77b5309fd8c8697d1da1
01548c.com,AVAILABILITY,origin.list,origin.list,2023-02-02 05:24:32.060436,a69c77b5309fd8c8697d1da1
01548d.com,AVAILABILITY,origin.list,origin.list,2023-02-02 05:24:32.248817,a69c77b5309fd8c8697d1da1
01548e.com,AVAILABILITY,origin.list,origin.list,2023-02-02 05:24:33.205177,a69c77b5309fd8c8697d1da1
01548k.com,AVAILABILITY,origin.list,origin.list,2023-02-02 05:24:34.524163,a69c77b5309fd8c8697d1da1
01548g.com,AVAILABILITY,origin.list,origin.list,2023-02-02 05:24:35.964571,a69c77b5309fd8c8697d1da1
01548j.com,AVAILABILITY,origin.list,origin.list,2023-02-02 05:24:36.197822,a69c77b5309fd8c8697d1da1
01548f.com,AVAILABILITY,origin.list,origin.list,2023-02-02 05:24:36.334815,a69c77b5309fd8c8697d1da1
01548p.com,AVAILABILITY,origin.list,origin.list,2023-02-02 05:24:36.498379,a69c77b5309fd8c8697d1da1
01548t.com,AVAILABILITY,origin.list,origin.list,2023-02-02 05:24:37.129807,a69c77b5309fd8c8697d1da1
0154a.com,AVAILABILITY,origin.list,origin.list,2023-02-02 05:24:38.279336,a69c77b5309fd8c8697d1da1
01548y.com,AVAILABILITY,origin.list,origin.list,2023-02-02 05:24:39.489227,a69c77b5309fd8c8697d1da1
01548z.com,AVAILABILITY,origin.list,origin.list,2023-02-02 05:24:40.231927,a69c77b5309fd8c8697d1da1
016665.com,AVAILABILITY,origin.list,origin.list,2023-02-02 05:24:41.282595,a69c77b5309fd8c8697d1da1
016606.com,AVAILABILITY,origin.list,origin.list,2023-02-02 05:24:41.766463,a69c77b5309fd8c8697d1da1
015bestk8.com,AVAILABILITY,origin.list,origin.list,2023-02-02 05:24:41.822255,a69c77b5309fd8c8697d1da1
015631.com,AVAILABILITY,origin.list,origin.list,2023-02-02 05:24:41.913241,a69c77b5309fd8c8697d1da1
016565.com,AVAILABILITY,origin.list,origin.list,2023-02-02 05:24:42.271248,a69c77b5309fd8c8697d1da1
0173a.com,AVAILABILITY,origin.list,origin.list,2023-02-02 05:24:43.746554,a69c77b5309fd8c8697d1da1
0168lzy.com,AVAILABILITY,origin.list,origin.list,2023-02-02 05:24:44.354314,a69c77b5309fd8c8697d1da1
016bestk8.com,AVAILABILITY,origin.list,origin.list,2023-02-02 05:24:44.440377,a69c77b5309fd8c8697d1da1
017bestk8.com,AVAILABILITY,origin.list,origin.list,2023-02-02 05:24:46.867326,a69c77b5309fd8c8697d1da1
01681680.com,AVAILABILITY,origin.list,origin.list,2023-02-02 05:24:47.587180,a69c77b5309fd8c8697d1da1
017979.com,AVAILABILITY,origin.list,origin.list,2023-02-02 05:24:48.373744,a69c77b5309fd8c8697d1da1
01750.org,AVAILABILITY,origin.list,origin.list,2023-02-02 05:24:49.030789,a69c77b5309fd8c8697d1da1
01811su.com,AVAILABILITY,origin.list,origin.list,2023-02-02 05:24:49.173298,a69c77b5309fd8c8697d1da1
01811ta.com,AVAILABILITY,origin.list,origin.list,2023-02-02 05:24:49.925349,a69c77b5309fd8c8697d1da1
01811te.com,AVAILABILITY,origin.list,origin.list,2023-02-02 05:24:50.830610,a69c77b5309fd8c8697d1da1
01888.xyz,AVAILABILITY,origin.list,origin.list,2023-02-02 05:24:51.683735,a69c77b5309fd8c8697d1da1
01802.com,AVAILABILITY,origin.list,origin.list,2023-02-02 05:24:52.401919,a69c77b5309fd8c8697d1da1
016881.com,AVAILABILITY,origin.list,origin.list,2023-02-02 05:24:53.197477,a69c77b5309fd8c8697d1da1
018bestk8.com,AVAILABILITY,origin.list,origin.list,2023-02-02 05:24:53.324869,a69c77b5309fd8c8697d1da1
0188n.com,AVAILABILITY,origin.list,origin.list,2023-02-02 05:24:53.999633,a69c77b5309fd8c8697d1da1
01999.xyz,AVAILABILITY,origin.list,origin.list,2023-02-02 05:24:56.106258,a69c77b5309fd8c8697d1da1
019312.com,AVAILABILITY,origin.list,origin.list,2023-02-02 05:24:56.144382,a69c77b5309fd8c8697d1da1
0199v.com,AVAILABILITY,origin.list,origin.list,2023-02-02 05:24:56.183259,a69c77b5309fd8c8697d1da1
019bestk8.com,AVAILABILITY,origin.list,origin.list,2023-02-02 05:24:56.376808,a69c77b5309fd8c8697d1da1
0191146.com,AVAILABILITY,origin.list,origin.list,2023-02-02 05:24:56.595523,a69c77b5309fd8c8697d1da1
01appc2e-1.com,AVAILABILITY,origin.list,origin.list,2023-02-02 05:24:56.733235,a69c77b5309fd8c8697d1da1
01bestk8.com,AVAILABILITY,origin.list,origin.list,2023-02-02 05:24:58.794446,a69c77b5309fd8c8697d1da1
01gamek8.com,AVAILABILITY,origin.list,origin.list,2023-02-02 05:24:59.225701,a69c77b5309fd8c8697d1da1
01hgag.com,AVAILABILITY,origin.list,origin.list,2023-02-02 05:25:01.315797,a69c77b5309fd8c8697d1da1
01by.vip,AVAILABILITY,origin.list,origin.list,2023-02-02 05:25:01.783180,a69c77b5309fd8c8697d1da1
01jsdc.com,AVAILABILITY,origin.list,origin.list,2023-02-02 05:25:02.157635,a69c77b5309fd8c8697d1da1
01i6wg5x.vip,AVAILABILITY,origin.list,origin.list,2023-02-02 05:25:02.682634,a69c77b5309fd8c8697d1da1
01byyl.vip,AVAILABILITY,origin.list,origin.list,2023-02-02 05:25:03.570829,a69c77b5309fd8c8697d1da1
019zv.net,AVAILABILITY,origin.list,origin.list,2023-02-02 05:25:04.273632,a69c77b5309fd8c8697d1da1
01prok8.com,AVAILABILITY,origin.list,origin.list,2023-02-02 05:25:04.471530,a69c77b5309fd8c8697d1da1
01wct.com,AVAILABILITY,origin.list,origin.list,2023-02-02 05:25:05.372335,a69c77b5309fd8c8697d1da1
01v7sb.com,AVAILABILITY,origin.list,origin.list,2023-02-02 05:25:06.144232,a69c77b5309fd8c8697d1da1
0202vn.com,AVAILABILITY,origin.list,origin.list,2023-02-02 05:25:06.378084,a69c77b5309fd8c8697d1da1
0200n.com,AVAILABILITY,origin.list,origin.list,2023-02-02 05:25:06.739676,a69c77b5309fd8c8697d1da1
020390.com,AVAILABILITY,origin.list,origin.list,2023-02-02 05:25:07.660125,a69c77b5309fd8c8697d1da1
02023412.com,AVAILABILITY,origin.list,origin.list,2023-02-02 05:25:08.659217,a69c77b5309fd8c8697d1da1
020wanbo.com,AVAILABILITY,origin.list,origin.list,2023-02-02 05:25:09.372340,a69c77b5309fd8c8697d1da1
020vsv.com,AVAILABILITY,origin.list,origin.list,2023-02-02 05:25:09.404370,a69c77b5309fd8c8697d1da1
0206cc.com,AVAILABILITY,origin.list,origin.list,2023-02-02 05:25:10.778680,a69c77b5309fd8c8697d1da1
0215.biz,AVAILABILITY,origin.list,origin.list,2023-02-02 05:25:11.733167,a69c77b5309fd8c8697d1da1
0215x.com,AVAILABILITY,origin.list,origin.list,2023-02-02 05:25:12.870384,a69c77b5309fd8c8697d1da1
0208x.com,AVAILABILITY,origin.list,origin.list,2023-02-02 05:25:14.949575,a69c77b5309fd8c8697d1da1
021wanbo.com,AVAILABILITY,origin.list,origin.list,2023-02-02 05:25:15.976283,a69c77b5309fd8c8697d1da1
0210x.com,AVAILABILITY,origin.list,origin.list,2023-02-02 05:25:16.912455,a69c77b5309fd8c8697d1da1
0217x.com,AVAILABILITY,origin.list,origin.list,2023-02-02 05:25:17.814520,a69c77b5309fd8c8697d1da1
0216x.com,AVAILABILITY,origin.list,origin.list,2023-02-02 05:25:18.195929,a69c77b5309fd8c8697d1da1
0220n.com,AVAILABILITY,origin.list,origin.list,2023-02-02 05:25:20.403678,a69c77b5309fd8c8697d1da1
0220t.com,AVAILABILITY,origin.list,origin.list,2023-02-02 05:25:20.911376,a69c77b5309fd8c8697d1da1
0221n.com,AVAILABILITY,origin.list,origin.list,2023-02-02 05:25:20.931719,a69c77b5309fd8c8697d1da1
0223t.com,AVAILABILITY,origin.list,origin.list,2023-02-02 05:25:22.880391,a69c77b5309fd8c8697d1da1
0224n.com,AVAILABILITY,origin.list,origin.list,2023-02-02 05:25:24.341699,a69c77b5309fd8c8697d1da1
0224t.com,AVAILABILITY,origin.list,origin.list,2023-02-02 05:25:26.171376,a69c77b5309fd8c8697d1da1
0225n.com,AVAILABILITY,origin.list,origin.list,2023-02-02 05:25:26.362687,a69c77b5309fd8c8697d1da1
0226n.com,AVAILABILITY,origin.list,origin.list,2023-02-02 05:25:27.640645,a69c77b5309fd8c8697d1da1
0225t.com,AVAILABILITY,origin.list,origin.list,2023-02-02 05:25:27.814477,a69c77b5309fd8c8697d1da1
0227t.com,AVAILABILITY,origin.list,origin.list,2023-02-02 05:25:37.545512,a69c77b5309fd8c8697d1da1
0226t.com,AVAILABILITY,origin.list,origin.list,2023-02-02 05:25:38.396785,a69c77b5309fd8c8697d1da1
0226x.com,AVAILABILITY,origin.list,origin.list,2023-02-02 05:25:39.676995,a69c77b5309fd8c8697d1da1
022wanbo.com,AVAILABILITY,origin.list,origin.list,2023-02-02 05:25:40.036087,a69c77b5309fd8c8697d1da1
0229x.com,AVAILABILITY,origin.list,origin.list,2023-02-02 05:25:40.887506,a69c77b5309fd8c8697d1da1
0229n.com,AVAILABILITY,origin.list,origin.list,2023-02-02 05:25:41.980983,a69c77b5309fd8c8697d1da1
02302.com,AVAILABILITY,origin.list,origin.list,2023-02-02 05:25:56.618256,a69c77b5309fd8c8697d1da1
0231.biz,AVAILABILITY,origin.list,origin.list,2023-02-02 05:25:57.482343,a69c77b5309fd8c8697d1da1
0228n.com,AVAILABILITY,origin.list,origin.list,2023-02-02 05:25:58.997431,a69c77b5309fd8c8697d1da1
0232x.com,AVAILABILITY,origin.list,origin.list,2023-02-02 05:26:01.497349,a69c77b5309fd8c8697d1da1
024.app,AVAILABILITY,origin.list,origin.list,2023-02-02 05:26:17.063681,a69c77b5309fd8c8697d1da1
023882.com,AVAILABILITY,origin.list,origin.list,2023-02-02 05:26:17.382657,a69c77b5309fd8c8697d1da1
023xfc.com,AVAILABILITY,origin.list,origin.list,2023-02-02 05:26:19.235328,a69c77b5309fd8c8697d1da1
0236x.com,AVAILABILITY,origin.list,origin.list,2023-02-02 05:26:22.183814,a69c77b5309fd8c8697d1da1
024390.com,AVAILABILITY,origin.list,origin.list,2023-02-02 05:26:37.300750,a69c77b5309fd8c8697d1da1
0233n.com,AVAILABILITY,origin.list,origin.list,2023-02-02 05:26:48.049677,a69c77b5309fd8c8697d1da1
0244n.com,AVAILABILITY,origin.list,origin.list,2023-02-02 05:27:28.170447,a69c77b5309fd8c8697d1da1
0244v.com,AVAILABILITY,origin.list,origin.list,2023-02-02 05:27:32.880823,a69c77b5309fd8c8697d1da1
0244t.com,AVAILABILITY,origin.list,origin.list,2023-02-02 05:27:37.894848,a69c77b5309fd8c8697d1da1
024wanbo.com,AVAILABILITY,origin.list,origin.list,2023-02-02 05:27:47.105088,a69c77b5309fd8c8697d1da1
0252x.com,AVAILABILITY,origin.list,origin.list,2023-02-02 05:27:53.263937,a69c77b5309fd8c8697d1da1
0257x.com,AVAILABILITY,origin.list,origin.list,2023-02-02 05:28:04.922064,a69c77b5309fd8c8697d1da1
0259x.com,AVAILABILITY,origin.list,origin.list,2023-02-02 05:28:06.457072,a69c77b5309fd8c8697d1da1
025wanbo.com,AVAILABILITY,origin.list,origin.list,2023-02-02 05:28:06.470984,a69c77b5309fd8c8697d1da1
0258x.com,AVAILABILITY,origin.list,origin.list,2023-02-02 05:28:07.005405,a69c77b5309fd8c8697d1da1
0255t.com,AVAILABILITY,origin.list,origin.list,2023-02-02 05:28:08.517504,a69c77b5309fd8c8697d1da1
0256x.com,AVAILABILITY,origin.list,origin.list,2023-02-02 05:28:08.603989,a69c77b5309fd8c8697d1da1
0265x.com,AVAILABILITY,origin.list,origin.list,2023-02-02 05:28:11.593070,a69c77b5309fd8c8697d1da1
0263x.com,AVAILABILITY,origin.list,origin.list,2023-02-02 05:28:11.639838,a69c77b5309fd8c8697d1da1
0267x.com,AVAILABILITY,origin.list,origin.list,2023-02-02 05:28:13.758237,a69c77b5309fd8c8697d1da1
027072.com,AVAILABILITY,origin.list,origin.list,2023-02-02 05:28:14.423260,a69c77b5309fd8c8697d1da1
02702.com,AVAILABILITY,origin.list,origin.list,2023-02-02 05:28:14.865289,a69c77b5309fd8c8697d1da1
026kb.com,AVAILABILITY,origin.list,origin.list,2023-02-02 05:28:15.859120,a69c77b5309fd8c8697d1da1
027wanbo.com,AVAILABILITY,origin.list,origin.list,2023-02-02 05:28:16.609757,a69c77b5309fd8c8697d1da1
0271x.com,AVAILABILITY,origin.list,origin.list,2023-02-02 05:28:17.291791,a69c77b5309fd8c8697d1da1
0277n.com,AVAILABILITY,origin.list,origin.list,2023-02-02 05:28:18.823065,a69c77b5309fd8c8697d1da1
02819a.com,AVAILABILITY,origin.list,origin.list,2023-02-02 05:28:28.105821,a69c77b5309fd8c8697d1da1
02819.com,AVAILABILITY,origin.list,origin.list,2023-02-02 05:28:28.822524,a69c77b5309fd8c8697d1da1
02819b.com,AVAILABILITY,origin.list,origin.list,2023-02-02 05:28:29.416173,a69c77b5309fd8c8697d1da1
0272x.com,AVAILABILITY,origin.list,origin.list,2023-02-02 05:28:29.907697,a69c77b5309fd8c8697d1da1
02819c.com,AVAILABILITY,origin.list,origin.list,2023-02-02 05:28:30.538924,a69c77b5309fd8c8697d1da1
02819d.com,AVAILABILITY,origin.list,origin.list,2023-02-02 05:28:31.176344,a69c77b5309fd8c8697d1da1
02819e.com,AVAILABILITY,origin.list,origin.list,2023-02-02 05:28:31.854588,a69c77b5309fd8c8697d1da1
02802.com,AVAILABILITY,origin.list,origin.list,2023-02-02 05:28:40.763032,a69c77b5309fd8c8697d1da1
02819f.com,AVAILABILITY,origin.list,origin.list,2023-02-02 05:28:41.060409,a69c77b5309fd8c8697d1da1
02819g.com,AVAILABILITY,origin.list,origin.list,2023-02-02 05:28:41.757551,a69c77b5309fd8c8697d1da1
02819k.com,AVAILABILITY,origin.list,origin.list,2023-02-02 05:28:41.875402,a69c77b5309fd8c8697d1da1
02819j.com,AVAILABILITY,origin.list,origin.list,2023-02-02 05:28:42.102885,a69c77b5309fd8c8697d1da1
02819p.com,AVAILABILITY,origin.list,origin.list,2023-02-02 05:28:43.158846,a69c77b5309fd8c8697d1da1
02819t.com,AVAILABILITY,origin.list,origin.list,2023-02-02 05:28:44.280090,a69c77b5309fd8c8697d1da1
02819y.com,AVAILABILITY,origin.list,origin.list,2023-02-02 05:28:44.898645,a69c77b5309fd8c8697d1da1
02819z.com,AVAILABILITY,origin.list,origin.list,2023-02-02 05:28:46.168798,a69c77b5309fd8c8697d1da1
02888.xyz,AVAILABILITY,origin.list,origin.list,2023-02-02 05:28:49.163695,a69c77b5309fd8c8697d1da1
0288n.com,AVAILABILITY,origin.list,origin.list,2023-02-02 05:28:49.340993,a69c77b5309fd8c8697d1da1
0281x.com,AVAILABILITY,origin.list,origin.list,2023-02-02 05:28:49.510121,a69c77b5309fd8c8697d1da1
028wanbo.com,AVAILABILITY,origin.list,origin.list,2023-02-02 05:28:49.592590,a69c77b5309fd8c8697d1da1
0283x.com,AVAILABILITY,origin.list,origin.list,2023-02-02 05:28:51.331885,a69c77b5309fd8c8697d1da1
02929.org,AVAILABILITY,origin.list,origin.list,2023-02-02 05:28:54.737550,a69c77b5309fd8c8697d1da1
0293847.com,AVAILABILITY,origin.list,origin.list,2023-02-02 05:28:54.749963,a69c77b5309fd8c8697d1da1
02919a.com,AVAILABILITY,origin.list,origin.list,2023-02-02 05:28:55.209400,a69c77b5309fd8c8697d1da1
029390.com,AVAILABILITY,origin.list,origin.list,2023-02-02 05:28:57.562732,a69c77b5309fd8c8697d1da1
02919app.com,AVAILABILITY,origin.list,origin.list,2023-02-02 05:28:57.858323,a69c77b5309fd8c8697d1da1
02919f.com,AVAILABILITY,origin.list,origin.list,2023-02-02 05:28:57.975620,a69c77b5309fd8c8697d1da1
029688.com,AVAILABILITY,origin.list,origin.list,2023-02-02 05:28:58.295511,a69c77b5309fd8c8697d1da1
02986.com,AVAILABILITY,origin.list,origin.list,2023-02-02 05:29:00.226712,a69c77b5309fd8c8697d1da1
0293cc.com,AVAILABILITY,origin.list,origin.list,2023-02-02 05:29:00.348891,a69c77b5309fd8c8697d1da1
02986a.com,AVAILABILITY,origin.list,origin.list,2023-02-02 05:29:00.954563,a69c77b5309fd8c8697d1da1
02986b.com,AVAILABILITY,origin.list,origin.list,2023-02-02 05:29:01.916264,a69c77b5309fd8c8697d1da1
02986c.com,AVAILABILITY,origin.list,origin.list,2023-02-02 05:29:02.667919,a69c77b5309fd8c8697d1da1
0296x.com,AVAILABILITY,origin.list,origin.list,2023-02-02 05:29:03.400826,a69c77b5309fd8c8697d1da1
02986d.com,AVAILABILITY,origin.list,origin.list,2023-02-02 05:29:04.038052,a69c77b5309fd8c8697d1da1
02986e.com,AVAILABILITY,origin.list,origin.list,2023-02-02 05:29:04.761164,a69c77b5309fd8c8697d1da1
02986j.com,AVAILABILITY,origin.list,origin.list,2023-02-02 05:29:05.750317,a69c77b5309fd8c8697d1da1
02986g.com,AVAILABILITY,origin.list,origin.list,2023-02-02 05:29:06.150823,a69c77b5309fd8c8697d1da1
02986f.com,AVAILABILITY,origin.list,origin.list,2023-02-02 05:29:07.214921,a69c77b5309fd8c8697d1da1
02986k.com,AVAILABILITY,origin.list,origin.list,2023-02-02 05:29:07.231591,a69c77b5309fd8c8697d1da1
02986p.com,AVAILABILITY,origin.list,origin.list,2023-02-02 05:29:07.948079,a69c77b5309fd8c8697d1da1
02986t.com,AVAILABILITY,origin.list,origin.list,2023-02-02 05:29:08.151173,a69c77b5309fd8c8697d1da1
02999.xyz,AVAILABILITY,origin.list,origin.list,2023-02-02 05:29:09.139958,a69c77b5309fd8c8697d1da1
02986y.com,AVAILABILITY,origin.list,origin.list,2023-02-02 05:29:09.220762,a69c77b5309fd8c8697d1da1
02986z.com,AVAILABILITY,origin.list,origin.list,2023-02-02 05:29:09.624191,a69c77b5309fd8c8697d1da1
02appc2e-2.com,AVAILABILITY,origin.list,origin.list,2023-02-02 05:29:09.742626,a69c77b5309fd8c8697d1da1
029wanbo.com,AVAILABILITY,origin.list,origin.list,2023-02-02 05:29:11.117849,a69c77b5309fd8c8697d1da1
02bestk8.com,AVAILABILITY,origin.list,origin.list,2023-02-02 05:29:12.841504,a69c77b5309fd8c8697d1da1
02byyl.vip,AVAILABILITY,origin.list,origin.list,2023-02-02 05:29:12.887537,a69c77b5309fd8c8697d1da1
0299n.com,AVAILABILITY,origin.list,origin.list,2023-02-02 05:29:12.986792,a69c77b5309fd8c8697d1da1
02by.vip,AVAILABILITY,origin.list,origin.list,2023-02-02 05:29:13.002134,a69c77b5309fd8c8697d1da1
02gamek8.com,AVAILABILITY,origin.list,origin.list,2023-02-02 05:29:13.721577,a69c77b5309fd8c8697d1da1
02prok8.com,AVAILABILITY,origin.list,origin.list,2023-02-02 05:29:15.861271,a69c77b5309fd8c8697d1da1
02hgag.com,AVAILABILITY,origin.list,origin.list,2023-02-02 05:29:16.053697,a69c77b5309fd8c8697d1da1
02wct.com,AVAILABILITY,origin.list,origin.list,2023-02-02 05:29:17.179118,a69c77b5309fd8c8697d1da1
02y5lg6u45.com,AVAILABILITY,origin.list,origin.list,2023-02-02 05:29:17.899494,a69c77b5309fd8c8697d1da1
030014.com,AVAILABILITY,origin.list,origin.list,2023-02-02 05:29:20.169380,a69c77b5309fd8c8697d1da1
030090.com,AVAILABILITY,origin.list,origin.list,2023-02-02 05:29:20.292209,a69c77b5309fd8c8697d1da1
030054.com,AVAILABILITY,origin.list,origin.list,2023-02-02 05:29:20.464402,a69c77b5309fd8c8697d1da1
030074.com,AVAILABILITY,origin.list,origin.list,2023-02-02 05:29:21.737428,a69c77b5309fd8c8697d1da1
030081.com,AVAILABILITY,origin.list,origin.list,2023-02-02 05:29:22.120632,a69c77b5309fd8c8697d1da1
0303vn.com,AVAILABILITY,origin.list,origin.list,2023-02-02 05:29:24.978237,a69c77b5309fd8c8697d1da1
0300n.com,AVAILABILITY,origin.list,origin.list,2023-02-02 05:29:25.395381,a69c77b5309fd8c8697d1da1
030094.com,AVAILABILITY,origin.list,origin.list,2023-02-02 05:29:25.990438,a69c77b5309fd8c8697d1da1
03037833.com,AVAILABILITY,origin.list,origin.list,2023-02-02 05:29:26.149909,a69c77b5309fd8c8697d1da1
030688.com,AVAILABILITY,origin.list,origin.list,2023-02-02 05:29:27.110629,a69c77b5309fd8c8697d1da1
0302x.com,AVAILABILITY,origin.list,origin.list,2023-02-02 05:29:27.587630,a69c77b5309fd8c8697d1da1
0311wanbo.com,AVAILABILITY,origin.list,origin.list,2023-02-02 05:29:29.121082,a69c77b5309fd8c8697d1da1
031390.com,AVAILABILITY,origin.list,origin.list,2023-02-02 05:29:30.921712,a69c77b5309fd8c8697d1da1
0304t.com,AVAILABILITY,origin.list,origin.list,2023-02-02 05:29:31.326663,a69c77b5309fd8c8697d1da1
031.app,AVAILABILITY,origin.list,origin.list,2023-02-02 05:29:31.776053,a69c77b5309fd8c8697d1da1
0309x.com,AVAILABILITY,origin.list,origin.list,2023-02-02 05:29:32.815414,a69c77b5309fd8c8697d1da1
03122677.com,AVAILABILITY,origin.list,origin.list,2023-02-02 05:29:35.584106,a69c77b5309fd8c8697d1da1
031653.com,AVAILABILITY,origin.list,origin.list,2023-02-02 05:29:36.314940,a69c77b5309fd8c8697d1da1
03168520.net,AVAILABILITY,origin.list,origin.list,2023-02-02 05:29:37.167427,a69c77b5309fd8c8697d1da1
03182004.com,AVAILABILITY,origin.list,origin.list,2023-02-02 05:29:37.585416,a69c77b5309fd8c8697d1da1
03152677.com,AVAILABILITY,origin.list,origin.list,2023-02-02 05:29:38.633723,a69c77b5309fd8c8697d1da1
0316x.com,AVAILABILITY,origin.list,origin.list,2023-02-02 05:29:39.034524,a69c77b5309fd8c8697d1da1
0319htl.vip,AVAILABILITY,origin.list,origin.list,2023-02-02 05:29:39.501609,a69c77b5309fd8c8697d1da1
03162677.com,AVAILABILITY,origin.list,origin.list,2023-02-02 05:29:40.819105,a69c77b5309fd8c8697d1da1
032.app,AVAILABILITY,origin.list,origin.list,2023-02-02 05:29:41.140764,a69c77b5309fd8c8697d1da1
03207.com,AVAILABILITY,origin.list,origin.list,2023-02-02 05:29:42.184566,a69c77b5309fd8c8697d1da1
032uou.com,AVAILABILITY,origin.list,origin.list,2023-02-02 05:29:43.784347,a69c77b5309fd8c8697d1da1
0321x.com,AVAILABILITY,origin.list,origin.list,2023-02-02 05:29:43.944708,a69c77b5309fd8c8697d1da1
0325x.com,AVAILABILITY,origin.list,origin.list,2023-02-02 05:29:44.501479,a69c77b5309fd8c8697d1da1
0330n.com,AVAILABILITY,origin.list,origin.list,2023-02-02 05:29:45.202126,a69c77b5309fd8c8697d1da1
0326x.com,AVAILABILITY,origin.list,origin.list,2023-02-02 05:29:53.438024,a69c77b5309fd8c8697d1da1
0331n.com,AVAILABILITY,origin.list,origin.list,2023-02-02 05:29:54.811948,a69c77b5309fd8c8697d1da1
0331v.com,AVAILABILITY,origin.list,origin.list,2023-02-02 05:29:55.944265,a69c77b5309fd8c8697d1da1
0333n.com,AVAILABILITY,origin.list,origin.list,2023-02-02 05:29:57.236920,a69c77b5309fd8c8697d1da1
0330t.com,AVAILABILITY,origin.list,origin.list,2023-02-02 05:29:57.701737,a69c77b5309fd8c8697d1da1
0334n.com,AVAILABILITY,origin.list,origin.list,2023-02-02 05:30:12.687572,a69c77b5309fd8c8697d1da1
03352004.com,AVAILABILITY,origin.list,origin.list,2023-02-02 05:30:17.938949,a69c77b5309fd8c8697d1da1
0334t.com,AVAILABILITY,origin.list,origin.list,2023-02-02 05:30:22.766854,a69c77b5309fd8c8697d1da1
0333x.com,AVAILABILITY,origin.list,origin.list,2023-02-02 05:30:23.117232,a69c77b5309fd8c8697d1da1
033777.com,AVAILABILITY,origin.list,origin.list,2023-02-02 05:30:43.005524,a69c77b5309fd8c8697d1da1
0335v.com,AVAILABILITY,origin.list,origin.list,2023-02-02 05:30:47.926965,a69c77b5309fd8c8697d1da1
0334v.com,AVAILABILITY,origin.list,origin.list,2023-02-02 05:30:58.528574,a69c77b5309fd8c8697d1da1
