idna_subject,checker_type,destination,tested_at
00001111hlcp1111.com,AVAILABILITY,origin.list,2023-07-10 03:08:22.047910
00002222hlcp2222.com,AVAILABILITY,origin.list,2023-07-10 03:08:23.875997
0000222hlcp222.com,AVAILABILITY,origin.list,2023-07-10 03:08:24.057426
00005359.com,AVAILABILITY,origin.list,2023-07-10 03:08:25.888149
000111hlcp111.com,AVAILABILITY,origin.list,2023-07-10 03:08:31.040957
0001111hlcp1111.com,AVAILABILITY,origin.list,2023-07-10 03:08:31.081229
000444hlcp444.com,AVAILABILITY,origin.list,2023-07-10 03:08:49.764067
000505hlcp55w555.com,AVAILABILITY,origin.list,2023-07-10 03:08:50.689123
000505hlcp5w55.com,AVAILABILITY,origin.list,2023-07-10 03:08:50.935957
000777hlcp77.com,AVAILABILITY,origin.list,2023-07-10 03:09:04.541784
000777hlcp777.com,AVAILABILITY,origin.list,2023-07-10 03:09:04.661443
00077hlcp77.com,AVAILABILITY,origin.list,2023-07-10 03:09:04.823991
00088hlcps88l.com,AVAILABILITY,origin.list,2023-07-10 03:09:08.370430
001081.biz,AVAILABILITY,origin.list,2023-07-10 03:09:17.872428
0033hlcp333a33.com,AVAILABILITY,origin.list,2023-07-10 03:09:58.125888
0044384.com,AVAILABILITY,origin.list,2023-07-10 03:10:21.623321
00666hlcp66.com,AVAILABILITY,origin.list,2023-07-10 03:12:11.974167
00666hlcp666.com,AVAILABILITY,origin.list,2023-07-10 03:12:12.203122
01152509.com,AVAILABILITY,origin.list,2023-07-10 03:16:39.659695
012ab.com,AVAILABILITY,origin.list,2023-07-10 03:17:14.687667
012ang.com,AVAILABILITY,origin.list,2023-07-10 03:17:19.234440
012ben.com,AVAILABILITY,origin.list,2023-07-10 03:17:21.865615
012chi.com,AVAILABILITY,origin.list,2023-07-10 03:17:25.235003
012chu.com,AVAILABILITY,origin.list,2023-07-10 03:17:25.249008
012cuo.com,AVAILABILITY,origin.list,2023-07-10 03:17:25.835569
012cui.com,AVAILABILITY,origin.list,2023-07-10 03:17:25.945975
012dai.com,AVAILABILITY,origin.list,2023-07-10 03:17:26.147559
012dao.com,AVAILABILITY,origin.list,2023-07-10 03:17:26.485455
0142773.com,AVAILABILITY,origin.list,2023-07-10 03:17:51.538652
020506.biz,AVAILABILITY,origin.list,2023-07-10 03:18:56.112128
029149.biz,AVAILABILITY,origin.list,2023-07-10 03:22:45.989764
035530.com,AVAILABILITY,origin.list,2023-07-10 03:27:34.044785
0416762.com,AVAILABILITY,origin.list,2023-07-10 03:32:44.791510
0420569.com,AVAILABILITY,origin.list,2023-07-10 03:32:55.917717
046514.com,AVAILABILITY,origin.list,2023-07-10 03:38:10.680850
04manbet.com,AVAILABILITY,origin.list,2023-07-10 03:39:36.758620
052747.biz,AVAILABILITY,origin.list,2023-07-10 03:42:01.001359
05655a.com,AVAILABILITY,origin.list,2023-07-10 03:44:28.139558
0606tv.com,AVAILABILITY,origin.list,2023-07-10 03:46:00.946651
062156.com,AVAILABILITY,origin.list,2023-07-10 03:46:33.653455
0628gyy.com,AVAILABILITY,origin.list,2023-07-10 03:47:47.045035
064156.com,AVAILABILITY,origin.list,2023-07-10 03:48:03.705463
072156.com,AVAILABILITY,origin.list,2023-07-10 03:55:07.409201
078945.com,AVAILABILITY,origin.list,2023-07-10 04:00:08.681161
07manbetx.com,AVAILABILITY,origin.list,2023-07-10 04:00:44.300855
0869430.com,AVAILABILITY,origin.list,2023-07-10 04:04:28.842095
089044.com,AVAILABILITY,origin.list,2023-07-10 04:06:03.722269
094651.com,AVAILABILITY,origin.list,2023-07-10 04:15:20.746003
094894.com,AVAILABILITY,origin.list,2023-07-10 04:15:31.079534
098425.com,AVAILABILITY,origin.list,2023-07-10 04:20:32.795102
098465.com,AVAILABILITY,origin.list,2023-07-10 04:20:33.583603
098746.com,AVAILABILITY,origin.list,2023-07-10 04:20:38.017734
10003111.com,AVAILABILITY,origin.list,2023-07-10 04:23:50.122379
10003222.com,AVAILABILITY,origin.list,2023-07-10 04:23:50.528905
10003444.com,AVAILABILITY,origin.list,2023-07-10 04:23:50.889372
10003555.com,AVAILABILITY,origin.list,2023-07-10 04:23:51.213335
10003666.com,AVAILABILITY,origin.list,2023-07-10 04:23:51.273189
10009333.com,AVAILABILITY,origin.list,2023-07-10 04:23:55.636300
102gm.com,AVAILABILITY,origin.list,2023-07-10 04:27:25.567701
1104036.com,AVAILABILITY,origin.list,2023-07-10 04:38:56.763614
111888kbet.net,AVAILABILITY,origin.list,2023-07-10 04:42:31.098864
11201.net,AVAILABILITY,origin.list,2023-07-10 04:43:01.814950
11209.net,AVAILABILITY,origin.list,2023-07-10 04:43:05.455540
11210.net,AVAILABILITY,origin.list,2023-07-10 04:43:07.162427
11213.net,AVAILABILITY,origin.list,2023-07-10 04:43:11.071940
11215.net,AVAILABILITY,origin.list,2023-07-10 04:43:11.801389
11232.net,AVAILABILITY,origin.list,2023-07-10 04:43:47.854927
11240.net,AVAILABILITY,origin.list,2023-07-10 04:44:00.301365
11248.net,AVAILABILITY,origin.list,2023-07-10 04:44:07.962336
11249.net,AVAILABILITY,origin.list,2023-07-10 04:44:08.619062
1126.wang,AVAILABILITY,origin.list,2023-07-10 04:44:17.837883
11271.net,AVAILABILITY,origin.list,2023-07-10 04:44:20.009624
11274.net,AVAILABILITY,origin.list,2023-07-10 04:44:21.159999
11275.net,AVAILABILITY,origin.list,2023-07-10 04:44:21.798845
11284.net,AVAILABILITY,origin.list,2023-07-10 04:44:27.046446
11287.net,AVAILABILITY,origin.list,2023-07-10 04:44:36.738649
11293.net,AVAILABILITY,origin.list,2023-07-10 04:44:47.719479
11302.net,AVAILABILITY,origin.list,2023-07-10 04:44:56.207031
11304.net,AVAILABILITY,origin.list,2023-07-10 04:44:56.872932
11312.net,AVAILABILITY,origin.list,2023-07-10 04:45:00.790271
11317.net,AVAILABILITY,origin.list,2023-07-10 04:45:01.465336
11398.xyz,AVAILABILITY,origin.list,2023-07-10 04:45:59.781939
11527.org,AVAILABILITY,origin.list,2023-07-10 04:47:24.110186
118252.org,AVAILABILITY,origin.list,2023-07-10 05:01:52.017664
12171.org,AVAILABILITY,origin.list,2023-07-10 05:05:29.953289
123124123124.com,AVAILABILITY,origin.list,2023-07-10 05:06:40.522603
12664.xyz,AVAILABILITY,origin.list,2023-07-10 05:10:29.465025
126bet99.com,AVAILABILITY,origin.list,2023-07-10 05:10:45.688509
12759.xyz,AVAILABILITY,origin.list,2023-07-10 05:11:02.806146
129751.vip,AVAILABILITY,origin.list,2023-07-10 05:21:15.907885
12b23.com,AVAILABILITY,origin.list,2023-07-10 05:21:36.616253
12bet188.com,AVAILABILITY,origin.list,2023-07-10 05:21:41.824983
12bet23.com,AVAILABILITY,origin.list,2023-07-10 05:21:43.621107
1354410.com,AVAILABILITY,origin.list,2023-07-10 05:28:27.135449
13835.xyz,AVAILABILITY,origin.list,2023-07-10 05:30:38.577676
141126lbtx.vip,AVAILABILITY,origin.list,2023-07-10 05:43:02.003625
1417.org,AVAILABILITY,origin.list,2023-07-10 05:43:38.133211
144yh2.com,AVAILABILITY,origin.list,2023-07-10 05:45:56.767509
14589.xyz,AVAILABILITY,origin.list,2023-07-10 05:46:16.566535
145yh2.com,AVAILABILITY,origin.list,2023-07-10 05:46:22.580884
1460706.com,AVAILABILITY,origin.list,2023-07-10 05:46:25.231245
1487.wang,AVAILABILITY,origin.list,2023-07-10 05:47:58.223079
149yh2.com,AVAILABILITY,origin.list,2023-07-10 05:49:13.747711
150yh2.com,AVAILABILITY,origin.list,2023-07-10 05:50:06.237819
1512367.com,AVAILABILITY,origin.list,2023-07-10 06:05:54.306457
152yh2.com,AVAILABILITY,origin.list,2023-07-10 06:09:00.168909
153yh2.com,AVAILABILITY,origin.list,2023-07-10 06:09:48.798575
15628wfs.org,AVAILABILITY,origin.list,2023-07-10 06:11:41.863883
1574432.com,AVAILABILITY,origin.list,2023-07-10 06:12:21.077231
1575.fun,AVAILABILITY,origin.list,2023-07-10 06:12:25.122653
15853.xyz,AVAILABILITY,origin.list,2023-07-10 06:13:18.192277
15913.xyz,AVAILABILITY,origin.list,2023-07-10 06:26:42.449947
1600009.com,AVAILABILITY,origin.list,2023-07-10 06:27:17.774241
1607387.com,AVAILABILITY,origin.list,2023-07-10 06:27:32.565148
16147.org,AVAILABILITY,origin.list,2023-07-10 06:27:49.458815
1616byc.com,AVAILABILITY,origin.list,2023-07-10 06:28:01.358250
165476.com,AVAILABILITY,origin.list,2023-07-10 06:30:49.461188
16761.xyz,AVAILABILITY,origin.list,2023-07-10 06:32:22.886633
16771.xyz,AVAILABILITY,origin.list,2023-07-10 06:32:30.769011
1680341.com,AVAILABILITY,origin.list,2023-07-10 06:32:42.434075
1682.win,AVAILABILITY,origin.list,2023-07-10 06:32:52.537133
1682537.com,AVAILABILITY,origin.list,2023-07-10 06:32:53.689061
1685.wang,AVAILABILITY,origin.list,2023-07-10 06:33:05.384651
168bet18.com,AVAILABILITY,origin.list,2023-07-10 06:34:08.524978
17117.org,AVAILABILITY,origin.list,2023-07-10 06:54:08.355899
1717byc.com,AVAILABILITY,origin.list,2023-07-10 07:09:59.073369
1738801.com,AVAILABILITY,origin.list,2023-07-10 07:13:12.131758
17443.xyz,AVAILABILITY,origin.list,2023-07-10 07:13:27.455003
17572.art,AVAILABILITY,origin.list,2023-07-10 07:13:53.118028
17662.xyz,AVAILABILITY,origin.list,2023-07-10 07:14:34.427970
1767.wang,AVAILABILITY,origin.list,2023-07-10 07:14:37.236124
17689.xyz,AVAILABILITY,origin.list,2023-07-10 07:14:42.913153
1784007.com,AVAILABILITY,origin.list,2023-07-10 07:16:04.362935
18232.xyz,AVAILABILITY,origin.list,2023-07-10 07:36:41.863929
182742.wang,AVAILABILITY,origin.list,2023-07-10 07:55:28.286599
18473.xyz,AVAILABILITY,origin.list,2023-07-10 07:56:23.359690
185152.biz,AVAILABILITY,origin.list,2023-07-10 07:56:30.385137
185415.com,AVAILABILITY,origin.list,2023-07-10 07:56:34.388321
18693.xyz,AVAILABILITY,origin.list,2023-07-10 07:57:19.513430
188betcn1.com,AVAILABILITY,origin.list,2023-07-10 08:56:41.376600
188lanqiu1.com,AVAILABILITY,origin.list,2023-07-10 09:38:43.810029
18951.xyz,AVAILABILITY,origin.list,2023-07-10 10:00:43.169336
1898bet.com,AVAILABILITY,origin.list,2023-07-10 10:00:57.869511
189985.com,AVAILABILITY,origin.list,2023-07-10 10:01:03.060725
189qwe.com,AVAILABILITY,origin.list,2023-07-10 10:01:04.457633
18luvk.com,AVAILABILITY,origin.list,2023-07-10 10:01:30.219479
18luxk.com,AVAILABILITY,origin.list,2023-07-10 10:01:30.330615
191895.com,AVAILABILITY,origin.list,2023-07-10 10:20:32.756261
19192.org,AVAILABILITY,origin.list,2023-07-10 10:20:34.443662
192159.com,AVAILABILITY,origin.list,2023-07-10 10:20:48.103203
192282.com,AVAILABILITY,origin.list,2023-07-10 10:20:55.811719
192317.com,AVAILABILITY,origin.list,2023-07-10 10:20:56.545019
192573.com,AVAILABILITY,origin.list,2023-07-10 10:21:08.192499
192579.com,AVAILABILITY,origin.list,2023-07-10 10:21:09.536228
192585.com,AVAILABILITY,origin.list,2023-07-10 10:21:09.687780
192591.com,AVAILABILITY,origin.list,2023-07-10 10:21:09.825778
192592.com,AVAILABILITY,origin.list,2023-07-10 10:21:10.034534
192597.com,AVAILABILITY,origin.list,2023-07-10 10:21:10.399776
192618.com,AVAILABILITY,origin.list,2023-07-10 10:21:11.816200
192621.com,AVAILABILITY,origin.list,2023-07-10 10:21:12.316452
192622.com,AVAILABILITY,origin.list,2023-07-10 10:21:12.508079
192625.com,AVAILABILITY,origin.list,2023-07-10 10:21:13.021714
192658.com,AVAILABILITY,origin.list,2023-07-10 10:21:13.687810
192673.com,AVAILABILITY,origin.list,2023-07-10 10:21:14.492543
192715.com,AVAILABILITY,origin.list,2023-07-10 10:21:19.380130
192717.com,AVAILABILITY,origin.list,2023-07-10 10:21:20.134120
19367.xyz,AVAILABILITY,origin.list,2023-07-10 10:21:54.828108
1946be.com,AVAILABILITY,origin.list,2023-07-10 10:41:07.783164
19572.org,AVAILABILITY,origin.list,2023-07-10 10:41:47.541900
1960241.com,AVAILABILITY,origin.list,2023-07-10 10:42:02.349940
19711211.com,AVAILABILITY,origin.list,2023-07-10 10:42:37.738650
1972554.com,AVAILABILITY,origin.list,2023-07-10 10:43:02.820654
19733.xyz,AVAILABILITY,origin.list,2023-07-10 10:43:05.390089
1977.wang,AVAILABILITY,origin.list,2023-07-10 11:02:32.649719
19779.org,AVAILABILITY,origin.list,2023-07-10 11:02:35.515605
19927.org,AVAILABILITY,origin.list,2023-07-10 12:05:23.623144
1994.pub,AVAILABILITY,origin.list,2023-07-10 12:05:44.232381
1aed915a81.com,AVAILABILITY,origin.list,2023-07-10 13:06:44.534570
1d354c1645.com,AVAILABILITY,origin.list,2023-07-10 13:07:12.069569
1xslotmobi10.xyz,AVAILABILITY,origin.list,2023-07-10 18:59:23.519217
1xslotmobi4.xyz,AVAILABILITY,origin.list,2023-07-10 18:59:23.888950
1xslotmobi5.xyz,AVAILABILITY,origin.list,2023-07-10 18:59:24.277992
1xslotmobi8.xyz,AVAILABILITY,origin.list,2023-07-10 18:59:24.806580
1xslotmobi9.xyz,AVAILABILITY,origin.list,2023-07-10 18:59:25.088747
2000bwin.com,AVAILABILITY,origin.list,2023-07-11 17:18:57.819970
00568201.com,AVAILABILITY,origin.list,2023-07-13 08:32:34.123261
00568202.com,AVAILABILITY,origin.list,2023-07-13 08:32:34.618596
00568203.com,AVAILABILITY,origin.list,2023-07-13 08:32:35.099588
016606.com,AVAILABILITY,origin.list,2023-07-13 08:39:35.922391
0dd44r.live,AVAILABILITY,origin.list,2023-07-13 09:49:14.821123
0u798n.live,AVAILABILITY,origin.list,2023-07-13 09:49:23.650636
0vqd7p.live,AVAILABILITY,origin.list,2023-07-13 09:49:23.713033
112277.net,AVAILABILITY,origin.list,2023-07-13 10:03:49.824147
113322.net,AVAILABILITY,origin.list,2023-07-13 10:04:58.386682
115522.net,AVAILABILITY,origin.list,2023-07-13 10:09:04.520032
116677.net,AVAILABILITY,origin.list,2023-07-13 10:12:36.092221
117733.net,AVAILABILITY,origin.list,2023-07-13 10:20:58.345071
11812.org,AVAILABILITY,origin.list,2023-07-13 10:21:43.544775
119922.net,AVAILABILITY,origin.list,2023-07-13 10:24:19.406934
119933.net,AVAILABILITY,origin.list,2023-07-13 10:24:20.389678
12129.org,AVAILABILITY,origin.list,2023-07-13 10:25:56.206640
12673.immo,AVAILABILITY,origin.list,2023-07-13 10:32:08.508103
13441.xyz,AVAILABILITY,origin.list,2023-07-13 10:49:10.248515
13636.xyz,AVAILABILITY,origin.list,2023-07-13 10:49:59.941043
162417.com,AVAILABILITY,origin.list,2023-07-13 12:12:26.771041
162412.com,AVAILABILITY,origin.list,2023-07-13 12:12:29.344718
16245.vip,AVAILABILITY,origin.list,2023-07-13 12:12:31.894635
16913.org,AVAILABILITY,origin.list,2023-07-13 12:34:04.138333
16pr40.live,AVAILABILITY,origin.list,2023-07-13 12:35:24.527182
17165.org,AVAILABILITY,origin.list,2023-07-13 12:37:04.721498
17432.cn,AVAILABILITY,origin.list,2023-07-13 12:58:40.519949
17835.org,AVAILABILITY,origin.list,2023-07-13 13:16:28.960504
17861.org,AVAILABILITY,origin.list,2023-07-13 13:16:40.606726
17dku0.live,AVAILABILITY,origin.list,2023-07-13 13:17:42.559602
18328.org,AVAILABILITY,origin.list,2023-07-13 13:36:53.511164
1881901.com,AVAILABILITY,origin.list,2023-07-13 13:59:02.412697
